AREAID,NAMECN,CITYID,DISTRICTCN,PROVID,PROVCN
101010100,北京,1010101,北京,10101,北京
101010200,海淀,1010102,北京,10101,北京
101010300,朝阳,1010103,北京,10101,北京
101010400,顺义,1010104,北京,10101,北京
101010500,怀柔,1010105,北京,10101,北京
101010600,通州,1010106,北京,10101,北京
101010700,昌平,1010107,北京,10101,北京
101010800,延庆,1010108,北京,10101,北京
101010900,丰台,1010109,北京,10101,北京
101011000,石景山,1010110,北京,10101,北京
101011100,大兴,1010111,北京,10101,北京
101011200,房山,1010112,北京,10101,北京
101011300,密云,1010113,北京,10101,北京
101011400,门头沟,1010114,北京,10101,北京
101011500,平谷,1010115,北京,10101,北京
101020100,上海,1010201,上海,10102,上海
101020200,闵行,1010202,上海,10102,上海
101020300,宝山,1010203,上海,10102,上海
101020500,嘉定,1010205,上海,10102,上海
101020600,浦东新区,1010206,上海,10102,上海
101020700,金山,1010207,上海,10102,上海
101020800,青浦,1010208,上海,10102,上海
101020900,松江,1010209,上海,10102,上海
101021000,奉贤,1010210,上海,10102,上海
101021100,崇明,1010211,上海,10102,上海
101021200,徐汇,1010212,上海,10102,上海
101030100,天津,1010301,天津,10103,天津
101030200,武清,1010302,天津,10103,天津
101030300,宝坻,1010303,天津,10103,天津
101030400,东丽,1010304,天津,10103,天津
101030500,西青,1010305,天津,10103,天津
101030600,北辰,1010306,天津,10103,天津
101030700,宁河,1010307,天津,10103,天津
101030900,静海,1010309,天津,10103,天津
101031000,津南,1010310,天津,10103,天津
101031100,滨海新区,1010311,天津,10103,天津
101031400,蓟县,1010314,天津,10103,天津
101040100,重庆,1010401,重庆,10104,重庆
101040200,永川,1010402,重庆,10104,重庆
101040300,合川,1010403,重庆,10104,重庆
101040400,南川,1010404,重庆,10104,重庆
101040500,江津,1010405,重庆,10104,重庆
101040600,万盛,1010406,重庆,10104,重庆
101040700,渝北,1010407,重庆,10104,重庆
101040800,北碚,1010408,重庆,10104,重庆
101040900,巴南,1010409,重庆,10104,重庆
101041000,长寿,1010410,重庆,10104,重庆
101041100,黔江,1010411,重庆,10104,重庆
101041300,万州,1010413,重庆,10104,重庆
101041400,涪陵,1010414,重庆,10104,重庆
101041500,开县,1010415,重庆,10104,重庆
101041600,城口,1010416,重庆,10104,重庆
101041700,云阳,1010417,重庆,10104,重庆
101041800,巫溪,1010418,重庆,10104,重庆
101041900,奉节,1010419,重庆,10104,重庆
101042000,巫山,1010420,重庆,10104,重庆
101042100,潼南,1010421,重庆,10104,重庆
101042200,垫江,1010422,重庆,10104,重庆
101042300,梁平,1010423,重庆,10104,重庆
101042400,忠县,1010424,重庆,10104,重庆
101042500,石柱,1010425,重庆,10104,重庆
101042600,大足,1010426,重庆,10104,重庆
101042700,荣昌,1010427,重庆,10104,重庆
101042800,铜梁,1010428,重庆,10104,重庆
101042900,璧山,1010429,重庆,10104,重庆
101043000,丰都,1010430,重庆,10104,重庆
101043100,武隆,1010431,重庆,10104,重庆
101043200,彭水,1010432,重庆,10104,重庆
101043300,綦江,1010433,重庆,10104,重庆
101043400,酉阳,1010434,重庆,10104,重庆
101043600,秀山,1010436,重庆,10104,重庆
101050101,哈尔滨,1010501,哈尔滨,10105,黑龙江
101050102,双城,1010501,哈尔滨,10105,黑龙江
101050103,呼兰,1010501,哈尔滨,10105,黑龙江
101050104,阿城,1010501,哈尔滨,10105,黑龙江
101050105,宾县,1010501,哈尔滨,10105,黑龙江
101050106,依兰,1010501,哈尔滨,10105,黑龙江
101050107,巴彦,1010501,哈尔滨,10105,黑龙江
101050108,通河,1010501,哈尔滨,10105,黑龙江
101050109,方正,1010501,哈尔滨,10105,黑龙江
101050110,延寿,1010501,哈尔滨,10105,黑龙江
101050111,尚志,1010501,哈尔滨,10105,黑龙江
101050112,五常,1010501,哈尔滨,10105,黑龙江
101050113,木兰,1010501,哈尔滨,10105,黑龙江
101050201,齐齐哈尔,1010502,齐齐哈尔,10105,黑龙江
101050202,讷河,1010502,齐齐哈尔,10105,黑龙江
101050203,龙江,1010502,齐齐哈尔,10105,黑龙江
101050204,甘南,1010502,齐齐哈尔,10105,黑龙江
101050205,富裕,1010502,齐齐哈尔,10105,黑龙江
101050206,依安,1010502,齐齐哈尔,10105,黑龙江
101050207,拜泉,1010502,齐齐哈尔,10105,黑龙江
101050208,克山,1010502,齐齐哈尔,10105,黑龙江
101050209,克东,1010502,齐齐哈尔,10105,黑龙江
101050210,泰来,1010502,齐齐哈尔,10105,黑龙江
101050301,牡丹江,1010503,牡丹江,10105,黑龙江
101050302,海林,1010503,牡丹江,10105,黑龙江
101050303,穆棱,1010503,牡丹江,10105,黑龙江
101050304,林口,1010503,牡丹江,10105,黑龙江
101050305,绥芬河,1010503,牡丹江,10105,黑龙江
101050306,宁安,1010503,牡丹江,10105,黑龙江
101050307,东宁,1010503,牡丹江,10105,黑龙江
101050401,佳木斯,1010504,佳木斯,10105,黑龙江
101050402,汤原,1010504,佳木斯,10105,黑龙江
101050403,抚远,1010504,佳木斯,10105,黑龙江
101050404,桦川,1010504,佳木斯,10105,黑龙江
101050405,桦南,1010504,佳木斯,10105,黑龙江
101050406,同江,1010504,佳木斯,10105,黑龙江
101050407,富锦,1010504,佳木斯,10105,黑龙江
101050501,绥化,1010505,绥化,10105,黑龙江
101050502,肇东,1010505,绥化,10105,黑龙江
101050503,安达,1010505,绥化,10105,黑龙江
101050504,海伦,1010505,绥化,10105,黑龙江
101050505,明水,1010505,绥化,10105,黑龙江
101050506,望奎,1010505,绥化,10105,黑龙江
101050507,兰西,1010505,绥化,10105,黑龙江
101050508,青冈,1010505,绥化,10105,黑龙江
101050509,庆安,1010505,绥化,10105,黑龙江
101050510,绥棱,1010505,绥化,10105,黑龙江
101050601,黑河,1010506,黑河,10105,黑龙江
101050602,嫩江,1010506,黑河,10105,黑龙江
101050603,孙吴,1010506,黑河,10105,黑龙江
101050604,逊克,1010506,黑河,10105,黑龙江
101050605,五大连池,1010506,黑河,10105,黑龙江
101050606,北安,1010506,黑河,10105,黑龙江
101050701,大兴安岭,1010507,大兴安岭,10105,黑龙江
101050702,塔河,1010507,大兴安岭,10105,黑龙江
101050703,漠河,1010507,大兴安岭,10105,黑龙江
101050704,呼玛,1010507,大兴安岭,10105,黑龙江
101050705,呼中,1010507,大兴安岭,10105,黑龙江
101050706,新林,1010507,大兴安岭,10105,黑龙江
101050708,加格达奇,1010507,大兴安岭,10105,黑龙江
101050801,伊春,1010508,伊春,10105,黑龙江
101050802,乌伊岭,1010508,伊春,10105,黑龙江
101050803,五营,1010508,伊春,10105,黑龙江
101050804,铁力,1010508,伊春,10105,黑龙江
101050805,嘉荫,1010508,伊春,10105,黑龙江
101050901,大庆,1010509,大庆,10105,黑龙江
101050902,林甸,1010509,大庆,10105,黑龙江
101050903,肇州,1010509,大庆,10105,黑龙江
101050904,肇源,1010509,大庆,10105,黑龙江
101050905,杜尔伯特,1010509,大庆,10105,黑龙江
101051002,七台河,1010510,七台河,10105,黑龙江
101051003,勃利,1010510,七台河,10105,黑龙江
101051101,鸡西,1010511,鸡西,10105,黑龙江
101051102,虎林,1010511,鸡西,10105,黑龙江
101051103,密山,1010511,鸡西,10105,黑龙江
101051104,鸡东,1010511,鸡西,10105,黑龙江
101051201,鹤岗,1010512,鹤岗,10105,黑龙江
101051202,绥滨,1010512,鹤岗,10105,黑龙江
101051203,萝北,1010512,鹤岗,10105,黑龙江
101051301,双鸭山,1010513,双鸭山,10105,黑龙江
101051302,集贤,1010513,双鸭山,10105,黑龙江
101051303,宝清,1010513,双鸭山,10105,黑龙江
101051304,饶河,1010513,双鸭山,10105,黑龙江
101051305,友谊,1010513,双鸭山,10105,黑龙江
101060101,长春,1010601,长春,10106,吉林
101060102,农安,1010601,长春,10106,吉林
101060103,德惠,1010601,长春,10106,吉林
101060104,九台,1010601,长春,10106,吉林
101060105,榆树,1010601,长春,10106,吉林
101060106,双阳,1010601,长春,10106,吉林
101060201,吉林,1010602,吉林,10106,吉林
101060202,舒兰,1010602,吉林,10106,吉林
101060203,永吉,1010602,吉林,10106,吉林
101060204,蛟河,1010602,吉林,10106,吉林
101060205,磐石,1010602,吉林,10106,吉林
101060206,桦甸,1010602,吉林,10106,吉林
101060301,延吉,1010603,延边,10106,吉林
101060302,敦化,1010603,延边,10106,吉林
101060303,安图,1010603,延边,10106,吉林
101060304,汪清,1010603,延边,10106,吉林
101060305,和龙,1010603,延边,10106,吉林
101060307,龙井,1010603,延边,10106,吉林
101060308,珲春,1010603,延边,10106,吉林
101060309,图们,1010603,延边,10106,吉林
101060401,四平,1010604,四平,10106,吉林
101060402,双辽,1010604,四平,10106,吉林
101060403,梨树,1010604,四平,10106,吉林
101060404,公主岭,1010604,四平,10106,吉林
101060405,伊通,1010604,四平,10106,吉林
101060501,通化,1010605,通化,10106,吉林
101060502,梅河口,1010605,通化,10106,吉林
101060503,柳河,1010605,通化,10106,吉林
101060504,辉南,1010605,通化,10106,吉林
101060505,集安,1010605,通化,10106,吉林
101060506,通化县,1010605,通化,10106,吉林
101060601,白城,1010606,白城,10106,吉林
101060602,洮南,1010606,白城,10106,吉林
101060603,大安,1010606,白城,10106,吉林
101060604,镇赉,1010606,白城,10106,吉林
101060605,通榆,1010606,白城,10106,吉林
101060701,辽源,1010607,辽源,10106,吉林
101060702,东丰,1010607,辽源,10106,吉林
101060703,东辽,1010607,辽源,10106,吉林
101060801,松原,1010608,松原,10106,吉林
101060802,乾安,1010608,松原,10106,吉林
101060803,前郭,1010608,松原,10106,吉林
101060804,长岭,1010608,松原,10106,吉林
101060805,扶余,1010608,松原,10106,吉林
101060901,白山,1010609,白山,10106,吉林
101060902,靖宇,1010609,白山,10106,吉林
101060903,临江,1010609,白山,10106,吉林
101060904,东岗,1010609,白山,10106,吉林
101060905,长白,1010609,白山,10106,吉林
101060906,抚松,1010609,白山,10106,吉林
101060907,江源,1010609,白山,10106,吉林
101070101,沈阳,1010701,沈阳,10107,辽宁
101070103,辽中,1010701,沈阳,10107,辽宁
101070104,康平,1010701,沈阳,10107,辽宁
101070105,法库,1010701,沈阳,10107,辽宁
101070106,新民,1010701,沈阳,10107,辽宁
101070201,大连,1010702,大连,10107,辽宁
101070202,瓦房店,1010702,大连,10107,辽宁
101070203,金州,1010702,大连,10107,辽宁
101070204,普兰店,1010702,大连,10107,辽宁
101070205,旅顺,1010702,大连,10107,辽宁
101070206,长海,1010702,大连,10107,辽宁
101070207,庄河,1010702,大连,10107,辽宁
101070301,鞍山,1010703,鞍山,10107,辽宁
101070302,台安,1010703,鞍山,10107,辽宁
101070303,岫岩,1010703,鞍山,10107,辽宁
101070304,海城,1010703,鞍山,10107,辽宁
101070401,抚顺,1010704,抚顺,10107,辽宁
101070402,新宾,1010704,抚顺,10107,辽宁
101070403,清原,1010704,抚顺,10107,辽宁
101070404,章党,1010704,抚顺,10107,辽宁
101070501,本溪,1010705,本溪,10107,辽宁
101070502,本溪县,1010705,本溪,10107,辽宁
101070504,桓仁,1010705,本溪,10107,辽宁
101070601,丹东,1010706,丹东,10107,辽宁
101070602,凤城,1010706,丹东,10107,辽宁
101070603,宽甸,1010706,丹东,10107,辽宁
101070604,东港,1010706,丹东,10107,辽宁
101070701,锦州,1010707,锦州,10107,辽宁
101070702,凌海,1010707,锦州,10107,辽宁
101070704,义县,1010707,锦州,10107,辽宁
101070705,黑山,1010707,锦州,10107,辽宁
101070706,北镇,1010707,锦州,10107,辽宁
101070801,营口,1010708,营口,10107,辽宁
101070802,大石桥,1010708,营口,10107,辽宁
101070803,盖州,1010708,营口,10107,辽宁
101070901,阜新,1010709,阜新,10107,辽宁
101070902,彰武,1010709,阜新,10107,辽宁
101071001,辽阳,1010710,辽阳,10107,辽宁
101071002,辽阳县,1010710,辽阳,10107,辽宁
101071003,灯塔,1010710,辽阳,10107,辽宁
101071004,弓长岭,1010710,辽阳,10107,辽宁
101071101,铁岭,1010711,铁岭,10107,辽宁
101071102,开原,1010711,铁岭,10107,辽宁
101071103,昌图,1010711,铁岭,10107,辽宁
101071104,西丰,1010711,铁岭,10107,辽宁
101071105,调兵山,1010711,铁岭,10107,辽宁
101071201,朝阳,1010712,朝阳,10107,辽宁
101071203,凌源,1010712,朝阳,10107,辽宁
101071204,喀左,1010712,朝阳,10107,辽宁
101071205,北票,1010712,朝阳,10107,辽宁
101071207,建平县,1010712,朝阳,10107,辽宁
101071301,盘锦,1010713,盘锦,10107,辽宁
101071302,大洼,1010713,盘锦,10107,辽宁
101071303,盘山,1010713,盘锦,10107,辽宁
101071401,葫芦岛,1010714,葫芦岛,10107,辽宁
101071402,建昌,1010714,葫芦岛,10107,辽宁
101071403,绥中,1010714,葫芦岛,10107,辽宁
101071404,兴城,1010714,葫芦岛,10107,辽宁
101080101,呼和浩特,1010801,呼和浩特,10108,内蒙古
101080102,土左旗,1010801,呼和浩特,10108,内蒙古
101080103,托县,1010801,呼和浩特,10108,内蒙古
101080104,和林,1010801,呼和浩特,10108,内蒙古
101080105,清水河,1010801,呼和浩特,10108,内蒙古
101080106,呼市郊区,1010801,呼和浩特,10108,内蒙古
101080107,武川,1010801,呼和浩特,10108,内蒙古
101080201,包头,1010802,包头,10108,内蒙古
101080202,白云鄂博,1010802,包头,10108,内蒙古
101080203,满都拉,1010802,包头,10108,内蒙古
101080204,土右旗,1010802,包头,10108,内蒙古
101080205,固阳,1010802,包头,10108,内蒙古
101080206,达茂旗,1010802,包头,10108,内蒙古
101080207,希拉穆仁,1010802,包头,10108,内蒙古
101080301,乌海,1010803,乌海,10108,内蒙古
101080401,集宁,1010804,乌兰察布,10108,内蒙古
101080402,卓资,1010804,乌兰察布,10108,内蒙古
101080403,化德,1010804,乌兰察布,10108,内蒙古
101080404,商都,1010804,乌兰察布,10108,内蒙古
101080406,兴和,1010804,乌兰察布,10108,内蒙古
101080407,凉城,1010804,乌兰察布,10108,内蒙古
101080408,察右前旗,1010804,乌兰察布,10108,内蒙古
101080409,察右中旗,1010804,乌兰察布,10108,内蒙古
101080410,察右后旗,1010804,乌兰察布,10108,内蒙古
101080411,四子王旗,1010804,乌兰察布,10108,内蒙古
101080412,丰镇,1010804,乌兰察布,10108,内蒙古
101080501,通辽,1010805,通辽,10108,内蒙古
101080502,舍伯吐,1010805,通辽,10108,内蒙古
101080503,科左中旗,1010805,通辽,10108,内蒙古
101080504,科左后旗,1010805,通辽,10108,内蒙古
101080505,青龙山,1010805,通辽,10108,内蒙古
101080506,开鲁,1010805,通辽,10108,内蒙古
101080507,库伦,1010805,通辽,10108,内蒙古
101080508,奈曼,1010805,通辽,10108,内蒙古
101080509,扎鲁特,1010805,通辽,10108,内蒙古
101080510,高力板,1010805,兴安盟,10108,内蒙古
101080511,巴雅尔吐胡硕,1010805,通辽,10108,内蒙古
101080601,赤峰,1010806,赤峰,10108,内蒙古
101080603,阿鲁旗,1010806,赤峰,10108,内蒙古
101080604,浩尔吐,1010806,赤峰,10108,内蒙古
101080605,巴林左旗,1010806,赤峰,10108,内蒙古
101080606,巴林右旗,1010806,赤峰,10108,内蒙古
101080607,林西,1010806,赤峰,10108,内蒙古
101080608,克什克腾,1010806,赤峰,10108,内蒙古
101080609,翁牛特,1010806,赤峰,10108,内蒙古
101080610,岗子,1010806,赤峰,10108,内蒙古
101080611,喀喇沁,1010806,赤峰,10108,内蒙古
101080612,八里罕,1010806,赤峰,10108,内蒙古
101080613,宁城,1010806,赤峰,10108,内蒙古
101080614,敖汉,1010806,赤峰,10108,内蒙古
101080615,宝国吐,1010806,赤峰,10108,内蒙古
101080701,鄂尔多斯,1010807,鄂尔多斯,10108,内蒙古
101080703,达拉特,1010807,鄂尔多斯,10108,内蒙古
101080704,准格尔,1010807,鄂尔多斯,10108,内蒙古
101080705,鄂前旗,1010807,鄂尔多斯,10108,内蒙古
101080706,河南,1010807,鄂尔多斯,10108,内蒙古
101080707,伊克乌素,1010807,鄂尔多斯,10108,内蒙古
101080708,鄂托克,1010807,鄂尔多斯,10108,内蒙古
101080709,杭锦旗,1010807,鄂尔多斯,10108,内蒙古
101080710,乌审旗,1010807,鄂尔多斯,10108,内蒙古
101080711,伊金霍洛,1010807,鄂尔多斯,10108,内蒙古
101080712,乌审召,1010807,鄂尔多斯,10108,内蒙古
101080713,东胜,1010807,鄂尔多斯,10108,内蒙古
101080801,临河,1010808,巴彦淖尔,10108,内蒙古
101080802,五原,1010808,巴彦淖尔,10108,内蒙古
101080803,磴口,1010808,巴彦淖尔,10108,内蒙古
101080804,乌前旗,1010808,巴彦淖尔,10108,内蒙古
101080805,大佘太,1010808,巴彦淖尔,10108,内蒙古
101080806,乌中旗,1010808,巴彦淖尔,10108,内蒙古
101080807,乌后旗,1010808,巴彦淖尔,10108,内蒙古
101080808,海力素,1010808,巴彦淖尔,10108,内蒙古
101080809,那仁宝力格,1010808,巴彦淖尔,10108,内蒙古
101080810,杭锦后旗,1010808,巴彦淖尔,10108,内蒙古
101080901,锡林浩特,1010809,锡林郭勒,10108,内蒙古
101080903,二连浩特,1010809,锡林郭勒,10108,内蒙古
101080904,阿巴嘎,1010809,锡林郭勒,10108,内蒙古
101080906,苏左旗,1010809,锡林郭勒,10108,内蒙古
101080907,苏右旗,1010809,锡林郭勒,10108,内蒙古
101080908,朱日和,1010809,锡林郭勒,10108,内蒙古
101080909,东乌旗,1010809,锡林郭勒,10108,内蒙古
101080910,西乌旗,1010809,锡林郭勒,10108,内蒙古
101080911,太仆寺,1010809,锡林郭勒,10108,内蒙古
101080912,镶黄旗,1010809,锡林郭勒,10108,内蒙古
101080913,正镶白旗,1010809,锡林郭勒,10108,内蒙古
101080914,正蓝旗,1010809,锡林郭勒,10108,内蒙古
101080915,多伦,1010809,锡林郭勒,10108,内蒙古
101080916,博克图,1010809,锡林郭勒,10108,内蒙古
101080917,乌拉盖,1010809,锡林郭勒,10108,内蒙古
101081001,海拉尔,1010810,呼伦贝尔,10108,内蒙古
101081002,小二沟,1010810,呼伦贝尔,10108,内蒙古
101081003,阿荣旗,1010810,呼伦贝尔,10108,内蒙古
101081004,莫力达瓦,1010810,呼伦贝尔,10108,内蒙古
101081005,鄂伦春旗,1010810,呼伦贝尔,10108,内蒙古
101081006,鄂温克旗,1010810,呼伦贝尔,10108,内蒙古
101081007,陈旗,1010810,呼伦贝尔,10108,内蒙古
101081008,新左旗,1010810,呼伦贝尔,10108,内蒙古
101081009,新右旗,1010810,呼伦贝尔,10108,内蒙古
101081010,满洲里,1010810,呼伦贝尔,10108,内蒙古
101081011,牙克石,1010810,呼伦贝尔,10108,内蒙古
101081012,扎兰屯,1010810,呼伦贝尔,10108,内蒙古
101081014,额尔古纳,1010810,呼伦贝尔,10108,内蒙古
101081015,根河,1010810,呼伦贝尔,10108,内蒙古
101081016,图里河,1010810,呼伦贝尔,10108,内蒙古
101081101,乌兰浩特,1010811,兴安盟,10108,内蒙古
101081102,阿尔山,1010811,兴安盟,10108,内蒙古
101081103,科右中旗,1010811,兴安盟,10108,内蒙古
101081104,胡尔勒,1010811,兴安盟,10108,内蒙古
101081105,扎赉特,1010811,兴安盟,10108,内蒙古
101081106,索伦,1010811,兴安盟,10108,内蒙古
101081107,突泉,1010811,兴安盟,10108,内蒙古
101081108,霍林郭勒,1010811,通辽,10108,内蒙古
101081109,科右前旗,1010811,兴安盟,10108,内蒙古
101081201,阿左旗,1010812,阿拉善盟,10108,内蒙古
101081202,阿右旗,1010812,阿拉善盟,10108,内蒙古
101081203,额济纳,1010812,阿拉善盟,10108,内蒙古
101081204,拐子湖,1010812,阿拉善盟,10108,内蒙古
101081205,吉兰太,1010812,阿拉善盟,10108,内蒙古
101081206,锡林高勒,1010812,阿拉善盟,10108,内蒙古
101081207,头道湖,1010812,阿拉善盟,10108,内蒙古
101081208,中泉子,1010812,阿拉善盟,10108,内蒙古
101081209,诺尔公,1010812,阿拉善盟,10108,内蒙古
101081210,雅布赖,1010812,阿拉善盟,10108,内蒙古
101081211,乌斯泰,1010812,阿拉善盟,10108,内蒙古
101081212,孪井滩,1010812,阿拉善盟,10108,内蒙古
101090101,石家庄,1010901,石家庄,10109,河北
101090102,井陉,1010901,石家庄,10109,河北
101090103,正定,1010901,石家庄,10109,河北
101090104,栾城,1010901,石家庄,10109,河北
101090105,行唐,1010901,石家庄,10109,河北
101090106,灵寿,1010901,石家庄,10109,河北
101090107,高邑,1010901,石家庄,10109,河北
101090108,深泽,1010901,石家庄,10109,河北
101090109,赞皇,1010901,石家庄,10109,河北
101090110,无极,1010901,石家庄,10109,河北
101090111,平山,1010901,石家庄,10109,河北
101090112,元氏,1010901,石家庄,10109,河北
101090113,赵县,1010901,石家庄,10109,河北
101090114,辛集,1010901,石家庄,10109,河北
101090115,藁城,1010901,石家庄,10109,河北
101090116,晋州,1010901,石家庄,10109,河北
101090117,新乐,1010901,石家庄,10109,河北
101090118,鹿泉,1010901,石家庄,10109,河北
101090201,保定,1010902,保定,10109,河北
101090202,满城,1010902,保定,10109,河北
101090203,阜平,1010902,保定,10109,河北
101090204,徐水,1010902,保定,10109,河北
101090205,唐县,1010902,保定,10109,河北
101090206,高阳,1010902,保定,10109,河北
101090207,容城,1010902,保定,10109,河北
101090209,涞源,1010902,保定,10109,河北
101090210,望都,1010902,保定,10109,河北
101090211,安新,1010902,保定,10109,河北
101090212,易县,1010902,保定,10109,河北
101090214,曲阳,1010902,保定,10109,河北
101090215,蠡县,1010902,保定,10109,河北
101090216,顺平,1010902,保定,10109,河北
101090217,雄县,1010902,保定,10109,河北
101090218,涿州,1010902,保定,10109,河北
101090219,定州,1010902,保定,10109,河北
101090220,安国,1010902,保定,10109,河北
101090221,高碑店,1010902,保定,10109,河北
101090222,涞水,1010902,保定,10109,河北
101090223,定兴,1010902,保定,10109,河北
101090224,清苑,1010902,保定,10109,河北
101090225,博野,1010902,保定,10109,河北
101090301,张家口,1010903,张家口,10109,河北
101090302,宣化,1010903,张家口,10109,河北
101090303,张北,1010903,张家口,10109,河北
101090304,康保,1010903,张家口,10109,河北
101090305,沽源,1010903,张家口,10109,河北
101090306,尚义,1010903,张家口,10109,河北
101090307,蔚县,1010903,张家口,10109,河北
101090308,阳原,1010903,张家口,10109,河北
101090309,怀安,1010903,张家口,10109,河北
101090310,万全,1010903,张家口,10109,河北
101090311,怀来,1010903,张家口,10109,河北
101090312,涿鹿,1010903,张家口,10109,河北
101090313,赤城,1010903,张家口,10109,河北
101090314,崇礼,1010903,张家口,10109,河北
101090402,承德,1010904,承德,10109,河北
101090403,承德县,1010904,承德,10109,河北
101090404,兴隆,1010904,承德,10109,河北
101090405,平泉,1010904,承德,10109,河北
101090406,滦平,1010904,承德,10109,河北
101090407,隆化,1010904,承德,10109,河北
101090408,丰宁,1010904,承德,10109,河北
101090409,宽城,1010904,承德,10109,河北
101090410,围场,1010904,承德,10109,河北
101090501,唐山,1010905,唐山,10109,河北
101090502,丰南,1010905,唐山,10109,河北
101090503,丰润,1010905,唐山,10109,河北
101090504,滦县,1010905,唐山,10109,河北
101090505,滦南,1010905,唐山,10109,河北
101090506,乐亭,1010905,唐山,10109,河北
101090507,迁西,1010905,唐山,10109,河北
101090508,玉田,1010905,唐山,10109,河北
101090509,唐海,1010905,唐山,10109,河北
101090510,遵化,1010905,唐山,10109,河北
101090511,迁安,1010905,唐山,10109,河北
101090512,曹妃甸,1010905,唐山,10109,河北
101090601,廊坊,1010906,廊坊,10109,河北
101090602,固安,1010906,廊坊,10109,河北
101090603,永清,1010906,廊坊,10109,河北
101090604,香河,1010906,廊坊,10109,河北
101090605,大城,1010906,廊坊,10109,河北
101090606,文安,1010906,廊坊,10109,河北
101090607,大厂,1010906,廊坊,10109,河北
101090608,霸州,1010906,廊坊,10109,河北
101090609,三河,1010906,廊坊,10109,河北
101090701,沧州,1010907,沧州,10109,河北
101090702,青县,1010907,沧州,10109,河北
101090703,东光,1010907,沧州,10109,河北
101090704,海兴,1010907,沧州,10109,河北
101090705,盐山,1010907,沧州,10109,河北
101090706,肃宁,1010907,沧州,10109,河北
101090707,南皮,1010907,沧州,10109,河北
101090708,吴桥,1010907,沧州,10109,河北
101090709,献县,1010907,沧州,10109,河北
101090710,孟村,1010907,沧州,10109,河北
101090711,泊头,1010907,沧州,10109,河北
101090712,任丘,1010907,沧州,10109,河北
101090713,黄骅,1010907,沧州,10109,河北
101090714,河间,1010907,沧州,10109,河北
101090716,沧县,1010907,沧州,10109,河北
101090801,衡水,1010908,衡水,10109,河北
101090802,枣强,1010908,衡水,10109,河北
101090803,武邑,1010908,衡水,10109,河北
101090804,武强,1010908,衡水,10109,河北
101090805,饶阳,1010908,衡水,10109,河北
101090806,安平,1010908,衡水,10109,河北
101090807,故城,1010908,衡水,10109,河北
101090808,景县,1010908,衡水,10109,河北
101090809,阜城,1010908,衡水,10109,河北
101090810,冀州,1010908,衡水,10109,河北
101090811,深州,1010908,衡水,10109,河北
101090901,邢台,1010909,邢台,10109,河北
101090902,临城,1010909,邢台,10109,河北
101090904,内丘,1010909,邢台,10109,河北
101090905,柏乡,1010909,邢台,10109,河北
101090906,隆尧,1010909,邢台,10109,河北
101090907,南和,1010909,邢台,10109,河北
101090908,宁晋,1010909,邢台,10109,河北
101090909,巨鹿,1010909,邢台,10109,河北
101090910,新河,1010909,邢台,10109,河北
101090911,广宗,1010909,邢台,10109,河北
101090912,平乡,1010909,邢台,10109,河北
101090913,威县,1010909,邢台,10109,河北
101090914,清河,1010909,邢台,10109,河北
101090915,临西,1010909,邢台,10109,河北
101090916,南宫,1010909,邢台,10109,河北
101090917,沙河,1010909,邢台,10109,河北
101090918,任县,1010909,邢台,10109,河北
101091001,邯郸,1010910,邯郸,10109,河北
101091002,峰峰,1010910,邯郸,10109,河北
101091003,临漳,1010910,邯郸,10109,河北
101091004,成安,1010910,邯郸,10109,河北
101091005,大名,1010910,邯郸,10109,河北
101091006,涉县,1010910,邯郸,10109,河北
101091007,磁县,1010910,邯郸,10109,河北
101091008,肥乡,1010910,邯郸,10109,河北
101091009,永年,1010910,邯郸,10109,河北
101091010,邱县,1010910,邯郸,10109,河北
101091011,鸡泽,1010910,邯郸,10109,河北
101091012,广平,1010910,邯郸,10109,河北
101091013,馆陶,1010910,邯郸,10109,河北
101091014,魏县,1010910,邯郸,10109,河北
101091015,曲周,1010910,邯郸,10109,河北
101091016,武安,1010910,邯郸,10109,河北
101091101,秦皇岛,1010911,秦皇岛,10109,河北
101091102,青龙,1010911,秦皇岛,10109,河北
101091103,昌黎,1010911,秦皇岛,10109,河北
101091104,抚宁,1010911,秦皇岛,10109,河北
101091105,卢龙,1010911,秦皇岛,10109,河北
101091106,北戴河,1010911,秦皇岛,10109,河北
101100101,太原,1011001,太原,10110,山西
101100102,清徐,1011001,太原,10110,山西
101100103,阳曲,1011001,太原,10110,山西
101100104,娄烦,1011001,太原,10110,山西
101100105,古交,1011001,太原,10110,山西
101100106,尖草坪区,1011001,太原,10110,山西
101100107,小店区,1011001,太原,10110,山西
101100201,大同,1011002,大同,10110,山西
101100202,阳高,1011002,大同,10110,山西
101100203,大同县,1011002,大同,10110,山西
101100204,天镇,1011002,大同,10110,山西
101100205,广灵,1011002,大同,10110,山西
101100206,灵丘,1011002,大同,10110,山西
101100207,浑源,1011002,大同,10110,山西
101100208,左云,1011002,大同,10110,山西
101100301,阳泉,1011003,阳泉,10110,山西
101100302,盂县,1011003,阳泉,10110,山西
101100303,平定,1011003,阳泉,10110,山西
101100401,晋中,1011004,晋中,10110,山西
101100402,榆次,1011004,晋中,10110,山西
101100403,榆社,1011004,晋中,10110,山西
101100404,左权,1011004,晋中,10110,山西
101100405,和顺,1011004,晋中,10110,山西
101100406,昔阳,1011004,晋中,10110,山西
101100407,寿阳,1011004,晋中,10110,山西
101100408,太谷,1011004,晋中,10110,山西
101100409,祁县,1011004,晋中,10110,山西
101100410,平遥,1011004,晋中,10110,山西
101100411,灵石,1011004,晋中,10110,山西
101100412,介休,1011004,晋中,10110,山西
101100501,长治,1011005,长治,10110,山西
101100502,黎城,1011005,长治,10110,山西
101100503,屯留,1011005,长治,10110,山西
101100504,潞城,1011005,长治,10110,山西
101100505,襄垣,1011005,长治,10110,山西
101100506,平顺,1011005,长治,10110,山西
101100507,武乡,1011005,长治,10110,山西
101100508,沁县,1011005,长治,10110,山西
101100509,长子,1011005,长治,10110,山西
101100510,沁源,1011005,长治,10110,山西
101100511,壶关,1011005,长治,10110,山西
101100601,晋城,1011006,晋城,10110,山西
101100602,沁水,1011006,晋城,10110,山西
101100603,阳城,1011006,晋城,10110,山西
101100604,陵川,1011006,晋城,10110,山西
101100605,高平,1011006,晋城,10110,山西
101100606,泽州,1011006,晋城,10110,山西
101100701,临汾,1011007,临汾,10110,山西
101100702,曲沃,1011007,临汾,10110,山西
101100703,永和,1011007,临汾,10110,山西
101100704,隰县,1011007,临汾,10110,山西
101100705,大宁,1011007,临汾,10110,山西
101100706,吉县,1011007,临汾,10110,山西
101100707,襄汾,1011007,临汾,10110,山西
101100708,蒲县,1011007,临汾,10110,山西
101100709,汾西,1011007,临汾,10110,山西
101100710,洪洞,1011007,临汾,10110,山西
101100711,霍州,1011007,临汾,10110,山西
101100712,乡宁,1011007,临汾,10110,山西
101100713,翼城,1011007,临汾,10110,山西
101100714,侯马,1011007,临汾,10110,山西
101100715,浮山,1011007,临汾,10110,山西
101100716,安泽,1011007,临汾,10110,山西
101100717,古县,1011007,临汾,10110,山西
101100801,运城,1011008,运城,10110,山西
101100802,临猗,1011008,运城,10110,山西
101100803,稷山,1011008,运城,10110,山西
101100804,万荣,1011008,运城,10110,山西
101100805,河津,1011008,运城,10110,山西
101100806,新绛,1011008,运城,10110,山西
101100807,绛县,1011008,运城,10110,山西
101100808,闻喜,1011008,运城,10110,山西
101100809,垣曲,1011008,运城,10110,山西
101100810,永济,1011008,运城,10110,山西
101100811,芮城,1011008,运城,10110,山西
101100812,夏县,1011008,运城,10110,山西
101100813,平陆,1011008,运城,10110,山西
101100901,朔州,1011009,朔州,10110,山西
101100902,平鲁,1011009,朔州,10110,山西
101100903,山阴,1011009,朔州,10110,山西
101100904,右玉,1011009,朔州,10110,山西
101100905,应县,1011009,朔州,10110,山西
101100906,怀仁,1011009,朔州,10110,山西
101101001,忻州,1011010,忻州,10110,山西
101101002,定襄,1011010,忻州,10110,山西
101101003,五台县,1011010,忻州,10110,山西
101101004,河曲,1011010,忻州,10110,山西
101101005,偏关,1011010,忻州,10110,山西
101101006,神池,1011010,忻州,10110,山西
101101007,宁武,1011010,忻州,10110,山西
101101008,代县,1011010,忻州,10110,山西
101101009,繁峙,1011010,忻州,10110,山西
101101010,五台山,1011010,忻州,10110,山西
101101011,保德,1011010,忻州,10110,山西
101101012,静乐,1011010,忻州,10110,山西
101101013,岢岚,1011010,忻州,10110,山西
101101014,五寨,1011010,忻州,10110,山西
101101015,原平,1011010,忻州,10110,山西
101101100,吕梁,1011011,吕梁,10110,山西
101101101,离石,1011011,吕梁,10110,山西
101101102,临县,1011011,吕梁,10110,山西
101101103,兴县,1011011,吕梁,10110,山西
101101104,岚县,1011011,吕梁,10110,山西
101101105,柳林,1011011,吕梁,10110,山西
101101106,石楼,1011011,吕梁,10110,山西
101101107,方山,1011011,吕梁,10110,山西
101101108,交口,1011011,吕梁,10110,山西
101101109,中阳,1011011,吕梁,10110,山西
101101110,孝义,1011011,吕梁,10110,山西
101101111,汾阳,1011011,吕梁,10110,山西
101101112,文水,1011011,吕梁,10110,山西
101101113,交城,1011011,吕梁,10110,山西
101110101,西安,1011101,西安,10111,陕西
101110102,长安,1011101,西安,10111,陕西
101110103,临潼,1011101,西安,10111,陕西
101110104,蓝田,1011101,西安,10111,陕西
101110105,周至,1011101,西安,10111,陕西
101110106,户县,1011101,西安,10111,陕西
101110107,高陵,1011101,西安,10111,陕西
101110200,咸阳,1011102,咸阳,10111,陕西
101110201,三原,1011102,咸阳,10111,陕西
101110202,礼泉,1011102,咸阳,10111,陕西
101110203,永寿,1011102,咸阳,10111,陕西
101110204,淳化,1011102,咸阳,10111,陕西
101110205,泾阳,1011102,咸阳,10111,陕西
101110206,武功,1011102,咸阳,10111,陕西
101110207,乾县,1011102,咸阳,10111,陕西
101110208,彬县,1011102,咸阳,10111,陕西
101110209,长武,1011102,咸阳,10111,陕西
101110210,旬邑,1011102,咸阳,10111,陕西
101110211,兴平,1011102,咸阳,10111,陕西
101110300,延安,1011103,延安,10111,陕西
101110301,延长,1011103,延安,10111,陕西
101110302,延川,1011103,延安,10111,陕西
101110303,子长,1011103,延安,10111,陕西
101110304,宜川,1011103,延安,10111,陕西
101110305,富县,1011103,延安,10111,陕西
101110306,志丹,1011103,延安,10111,陕西
101110307,安塞,1011103,延安,10111,陕西
101110308,甘泉,1011103,延安,10111,陕西
101110309,洛川,1011103,延安,10111,陕西
101110310,黄陵,1011103,延安,10111,陕西
101110311,黄龙,1011103,延安,10111,陕西
101110312,吴起,1011103,延安,10111,陕西
101110401,榆林,1011104,榆林,10111,陕西
101110402,府谷,1011104,榆林,10111,陕西
101110403,神木,1011104,榆林,10111,陕西
101110404,佳县,1011104,榆林,10111,陕西
101110405,定边,1011104,榆林,10111,陕西
101110406,靖边,1011104,榆林,10111,陕西
101110407,横山,1011104,榆林,10111,陕西
101110408,米脂,1011104,榆林,10111,陕西
101110409,子洲,1011104,榆林,10111,陕西
101110410,绥德,1011104,榆林,10111,陕西
101110411,吴堡,1011104,榆林,10111,陕西
101110412,清涧,1011104,榆林,10111,陕西
101110413,榆阳,1011104,榆林,10111,陕西
101110501,渭南,1011105,渭南,10111,陕西
101110502,华县,1011105,渭南,10111,陕西
101110503,潼关,1011105,渭南,10111,陕西
101110504,大荔,1011105,渭南,10111,陕西
101110505,白水,1011105,渭南,10111,陕西
101110506,富平,1011105,渭南,10111,陕西
101110507,蒲城,1011105,渭南,10111,陕西
101110508,澄城,1011105,渭南,10111,陕西
101110509,合阳,1011105,渭南,10111,陕西
101110510,韩城,1011105,渭南,10111,陕西
101110511,华阴,1011105,渭南,10111,陕西
101110601,商洛,1011106,商洛,10111,陕西
101110602,洛南,1011106,商洛,10111,陕西
101110603,柞水,1011106,商洛,10111,陕西
101110604,商州,1011106,商洛,10111,陕西
101110605,镇安,1011106,商洛,10111,陕西
101110606,丹凤,1011106,商洛,10111,陕西
101110607,商南,1011106,商洛,10111,陕西
101110608,山阳,1011106,商洛,10111,陕西
101110701,安康,1011107,安康,10111,陕西
101110702,紫阳,1011107,安康,10111,陕西
101110703,石泉,1011107,安康,10111,陕西
101110704,汉阴,1011107,安康,10111,陕西
101110705,旬阳,1011107,安康,10111,陕西
101110706,岚皋,1011107,安康,10111,陕西
101110707,平利,1011107,安康,10111,陕西
101110708,白河,1011107,安康,10111,陕西
101110709,镇坪,1011107,安康,10111,陕西
101110710,宁陕,1011107,安康,10111,陕西
101110801,汉中,1011108,汉中,10111,陕西
101110802,略阳,1011108,汉中,10111,陕西
101110803,勉县,1011108,汉中,10111,陕西
101110804,留坝,1011108,汉中,10111,陕西
101110805,洋县,1011108,汉中,10111,陕西
101110806,城固,1011108,汉中,10111,陕西
101110807,西乡,1011108,汉中,10111,陕西
101110808,佛坪,1011108,汉中,10111,陕西
101110809,宁强,1011108,汉中,10111,陕西
101110810,南郑,1011108,汉中,10111,陕西
101110811,镇巴,1011108,汉中,10111,陕西
101110901,宝鸡,1011109,宝鸡,10111,陕西
101110903,千阳,1011109,宝鸡,10111,陕西
101110904,麟游,1011109,宝鸡,10111,陕西
101110905,岐山,1011109,宝鸡,10111,陕西
101110906,凤翔,1011109,宝鸡,10111,陕西
101110907,扶风,1011109,宝鸡,10111,陕西
101110908,眉县,1011109,宝鸡,10111,陕西
101110909,太白,1011109,宝鸡,10111,陕西
101110910,凤县,1011109,宝鸡,10111,陕西
101110911,陇县,1011109,宝鸡,10111,陕西
101110912,陈仓,1011109,宝鸡,10111,陕西
101111001,铜川,1011110,铜川,10111,陕西
101111002,耀县,1011110,铜川,10111,陕西
101111003,宜君,1011110,铜川,10111,陕西
101111004,耀州,1011110,铜川,10111,陕西
101111101,杨凌,1011111,杨凌,10111,陕西
101120101,济南,1011201,济南,10112,山东
101120102,长清,1011201,济南,10112,山东
101120103,商河,1011201,济南,10112,山东
101120104,章丘,1011201,济南,10112,山东
101120105,平阴,1011201,济南,10112,山东
101120106,济阳,1011201,济南,10112,山东
101120201,青岛,1011202,青岛,10112,山东
101120202,崂山,1011202,青岛,10112,山东
101120204,即墨,1011202,青岛,10112,山东
101120205,胶州,1011202,青岛,10112,山东
101120206,黄岛,1011202,青岛,10112,山东
101120207,莱西,1011202,青岛,10112,山东
101120208,平度,1011202,青岛,10112,山东
101120301,淄博,1011203,淄博,10112,山东
101120302,淄川,1011203,淄博,10112,山东
101120303,博山,1011203,淄博,10112,山东
101120304,高青,1011203,淄博,10112,山东
101120305,周村,1011203,淄博,10112,山东
101120306,沂源,1011203,淄博,10112,山东
101120307,桓台,1011203,淄博,10112,山东
101120308,临淄,1011203,淄博,10112,山东
101120401,德州,1011204,德州,10112,山东
101120402,武城,1011204,德州,10112,山东
101120403,临邑,1011204,德州,10112,山东
101120404,陵县,1011204,德州,10112,山东
101120405,齐河,1011204,德州,10112,山东
101120406,乐陵,1011204,德州,10112,山东
101120407,庆云,1011204,德州,10112,山东
101120408,平原,1011204,德州,10112,山东
101120409,宁津,1011204,德州,10112,山东
101120410,夏津,1011204,德州,10112,山东
101120411,禹城,1011204,德州,10112,山东
101120501,烟台,1011205,烟台,10112,山东
101120502,莱州,1011205,烟台,10112,山东
101120503,长岛,1011205,烟台,10112,山东
101120504,蓬莱,1011205,烟台,10112,山东
101120505,龙口,1011205,烟台,10112,山东
101120506,招远,1011205,烟台,10112,山东
101120507,栖霞,1011205,烟台,10112,山东
101120508,福山,1011205,烟台,10112,山东
101120509,牟平,1011205,烟台,10112,山东
101120510,莱阳,1011205,烟台,10112,山东
101120511,海阳,1011205,烟台,10112,山东
101120601,潍坊,1011206,潍坊,10112,山东
101120602,青州,1011206,潍坊,10112,山东
101120603,寿光,1011206,潍坊,10112,山东
101120604,临朐,1011206,潍坊,10112,山东
101120605,昌乐,1011206,潍坊,10112,山东
101120606,昌邑,1011206,潍坊,10112,山东
101120607,安丘,1011206,潍坊,10112,山东
101120608,高密,1011206,潍坊,10112,山东
101120609,诸城,1011206,潍坊,10112,山东
101120701,济宁,1011207,济宁,10112,山东
101120702,嘉祥,1011207,济宁,10112,山东
101120703,微山,1011207,济宁,10112,山东
101120704,鱼台,1011207,济宁,10112,山东
101120705,兖州,1011207,济宁,10112,山东
101120706,金乡,1011207,济宁,10112,山东
101120707,汶上,1011207,济宁,10112,山东
101120708,泗水,1011207,济宁,10112,山东
101120709,梁山,1011207,济宁,10112,山东
101120710,曲阜,1011207,济宁,10112,山东
101120711,邹城,1011207,济宁,10112,山东
101120801,泰安,1011208,泰安,10112,山东
101120802,新泰,1011208,泰安,10112,山东
101120804,肥城,1011208,泰安,10112,山东
101120805,东平,1011208,泰安,10112,山东
101120806,宁阳,1011208,泰安,10112,山东
101120901,临沂,1011209,临沂,10112,山东
101120902,莒南,1011209,临沂,10112,山东
101120903,沂南,1011209,临沂,10112,山东
101120904,兰陵,1011209,临沂,10112,山东
101120905,临沭,1011209,临沂,10112,山东
101120906,郯城,1011209,临沂,10112,山东
101120907,蒙阴,1011209,临沂,10112,山东
101120908,平邑,1011209,临沂,10112,山东
101120909,费县,1011209,临沂,10112,山东
101120910,沂水,1011209,临沂,10112,山东
101121001,菏泽,1011210,菏泽,10112,山东
101121002,鄄城,1011210,菏泽,10112,山东
101121003,郓城,1011210,菏泽,10112,山东
101121004,东明,1011210,菏泽,10112,山东
101121005,定陶,1011210,菏泽,10112,山东
101121006,巨野,1011210,菏泽,10112,山东
101121007,曹县,1011210,菏泽,10112,山东
101121008,成武,1011210,菏泽,10112,山东
101121009,单县,1011210,菏泽,10112,山东
101121101,滨州,1011211,滨州,10112,山东
101121102,博兴,1011211,滨州,10112,山东
101121103,无棣,1011211,滨州,10112,山东
101121104,阳信,1011211,滨州,10112,山东
101121105,惠民,1011211,滨州,10112,山东
101121106,沾化,1011211,滨州,10112,山东
101121107,邹平,1011211,滨州,10112,山东
101121201,东营,1011212,东营,10112,山东
101121202,河口,1011212,东营,10112,山东
101121203,垦利,1011212,东营,10112,山东
101121204,利津,1011212,东营,10112,山东
101121205,广饶,1011212,东营,10112,山东
101121301,威海,1011213,威海,10112,山东
101121302,文登,1011213,威海,10112,山东
101121303,荣成,1011213,威海,10112,山东
101121304,乳山,1011213,威海,10112,山东
101121305,成山头,1011213,威海,10112,山东
101121306,石岛,1011213,威海,10112,山东
101121401,枣庄,1011214,枣庄,10112,山东
101121402,薛城,1011214,枣庄,10112,山东
101121403,峄城,1011214,枣庄,10112,山东
101121404,台儿庄,1011214,枣庄,10112,山东
101121405,滕州,1011214,枣庄,10112,山东
101121501,日照,1011215,日照,10112,山东
101121502,五莲,1011215,日照,10112,山东
101121503,莒县,1011215,日照,10112,山东
101121601,莱芜,1011216,莱芜,10112,山东
101121701,聊城,1011217,聊城,10112,山东
101121702,冠县,1011217,聊城,10112,山东
101121703,阳谷,1011217,聊城,10112,山东
101121704,高唐,1011217,聊城,10112,山东
101121705,茌平,1011217,聊城,10112,山东
101121706,东阿,1011217,聊城,10112,山东
101121707,临清,1011217,聊城,10112,山东
101121709,莘县,1011217,聊城,10112,山东
101130101,乌鲁木齐,1011301,乌鲁木齐,10113,新疆
101130103,小渠子,1011301,乌鲁木齐,10113,新疆
101130105,达坂城,1011301,乌鲁木齐,10113,新疆
101130108,乌鲁木齐牧试站,1011301,乌鲁木齐,10113,新疆
101130109,天池,1011301,乌鲁木齐,10113,新疆
101130110,白杨沟,1011301,乌鲁木齐,10113,新疆
101130201,克拉玛依,1011302,克拉玛依,10113,新疆
101130202,乌尔禾,1011302,克拉玛依,10113,新疆
101130203,白碱滩,1011302,克拉玛依,10113,新疆
101130301,石河子,1011303,石河子,10113,新疆
101130302,炮台,1011303,石河子,10113,新疆
101130303,莫索湾,1011303,石河子,10113,新疆
101130401,昌吉,1011304,昌吉,10113,新疆
101130402,呼图壁,1011304,昌吉,10113,新疆
101130403,米泉,1011304,昌吉,10113,新疆
101130404,阜康,1011304,昌吉,10113,新疆
101130405,吉木萨尔,1011304,昌吉,10113,新疆
101130406,奇台,1011304,昌吉,10113,新疆
101130407,玛纳斯,1011304,昌吉,10113,新疆
101130408,木垒,1011304,昌吉,10113,新疆
101130409,蔡家湖,1011304,昌吉,10113,新疆
101130501,吐鲁番,1011305,吐鲁番,10113,新疆
101130502,托克逊,1011305,吐鲁番,10113,新疆
101130504,鄯善,1011305,吐鲁番,10113,新疆
101130601,库尔勒,1011306,巴音郭楞,10113,新疆
101130602,轮台,1011306,巴音郭楞,10113,新疆
101130603,尉犁,1011306,巴音郭楞,10113,新疆
101130604,若羌,1011306,巴音郭楞,10113,新疆
101130605,且末,1011306,巴音郭楞,10113,新疆
101130606,和静,1011306,巴音郭楞,10113,新疆
101130607,焉耆,1011306,巴音郭楞,10113,新疆
101130608,和硕,1011306,巴音郭楞,10113,新疆
101130610,巴音布鲁克,1011306,巴音郭楞,10113,新疆
101130611,铁干里克,1011306,巴音郭楞,10113,新疆
101130612,博湖,1011306,巴音郭楞,10113,新疆
101130613,塔中,1011306,巴音郭楞,10113,新疆
101130614,巴仑台,1011306,巴音郭楞,10113,新疆
101130701,阿拉尔,1011307,阿拉尔,10113,新疆
101130801,阿克苏,1011308,阿克苏,10113,新疆
101130802,乌什,1011308,阿克苏,10113,新疆
101130803,温宿,1011308,阿克苏,10113,新疆
101130804,拜城,1011308,阿克苏,10113,新疆
101130805,新和,1011308,阿克苏,10113,新疆
101130806,沙雅,1011308,阿克苏,10113,新疆
101130807,库车,1011308,阿克苏,10113,新疆
101130808,柯坪,1011308,阿克苏,10113,新疆
101130809,阿瓦提,1011308,阿克苏,10113,新疆
101130901,喀什,1011309,喀什,10113,新疆
101130902,英吉沙,1011309,喀什,10113,新疆
101130903,塔什库尔干,1011309,喀什,10113,新疆
101130904,麦盖提,1011309,喀什,10113,新疆
101130905,莎车,1011309,喀什,10113,新疆
101130906,叶城,1011309,喀什,10113,新疆
101130907,泽普,1011309,喀什,10113,新疆
101130908,巴楚,1011309,喀什,10113,新疆
101130909,岳普湖,1011309,喀什,10113,新疆
101130910,伽师,1011309,喀什,10113,新疆
101130911,疏附,1011309,喀什,10113,新疆
101130912,疏勒,1011309,喀什,10113,新疆
101131001,伊宁,1011310,伊犁,10113,新疆
101131002,察布查尔,1011310,伊犁,10113,新疆
101131003,尼勒克,1011310,伊犁,10113,新疆
101131004,伊宁县,1011310,伊犁,10113,新疆
101131005,巩留,1011310,伊犁,10113,新疆
101131006,新源,1011310,伊犁,10113,新疆
101131007,昭苏,1011310,伊犁,10113,新疆
101131008,特克斯,1011310,伊犁,10113,新疆
101131009,霍城,1011310,伊犁,10113,新疆
101131010,霍尔果斯,1011310,伊犁,10113,新疆
101131011,奎屯,1011310,伊犁,10113,新疆
101131101,塔城,1011311,塔城,10113,新疆
101131102,裕民,1011311,塔城,10113,新疆
101131103,额敏,1011311,塔城,10113,新疆
101131104,和布克赛尔,1011311,塔城,10113,新疆
101131105,托里,1011311,塔城,10113,新疆
101131106,乌苏,1011311,塔城,10113,新疆
101131107,沙湾,1011311,塔城,10113,新疆
101131201,哈密,1011312,哈密,10113,新疆
101131203,巴里坤,1011312,哈密,10113,新疆
101131204,伊吾,1011312,哈密,10113,新疆
101131301,和田,1011313,和田,10113,新疆
101131302,皮山,1011313,和田,10113,新疆
101131303,策勒,1011313,和田,10113,新疆
101131304,墨玉,1011313,和田,10113,新疆
101131305,洛浦,1011313,和田,10113,新疆
101131306,民丰,1011313,和田,10113,新疆
101131307,于田,1011313,和田,10113,新疆
101131401,阿勒泰,1011314,阿勒泰,10113,新疆
101131402,哈巴河,1011314,阿勒泰,10113,新疆
101131405,吉木乃,1011314,阿勒泰,10113,新疆
101131406,布尔津,1011314,阿勒泰,10113,新疆
101131407,福海,1011314,阿勒泰,10113,新疆
101131408,富蕴,1011314,阿勒泰,10113,新疆
101131409,青河,1011314,阿勒泰,10113,新疆
101131501,阿图什,1011315,克州,10113,新疆
101131502,乌恰,1011315,克州,10113,新疆
101131503,阿克陶,1011315,克州,10113,新疆
101131504,阿合奇,1011315,克州,10113,新疆
101131601,博乐,1011316,博尔塔拉,10113,新疆
101131602,温泉,1011316,博尔塔拉,10113,新疆
101131603,精河,1011316,博尔塔拉,10113,新疆
101131606,阿拉山口,1011316,博尔塔拉,10113,新疆
101140101,拉萨,1011401,拉萨,10114,西藏
101140102,当雄,1011401,拉萨,10114,西藏
101140103,尼木,1011401,拉萨,10114,西藏
101140104,林周,1011401,拉萨,10114,西藏
101140105,堆龙德庆,1011401,拉萨,10114,西藏
101140106,曲水,1011401,拉萨,10114,西藏
101140107,达孜,1011401,拉萨,10114,西藏
101140108,墨竹工卡,1011401,拉萨,10114,西藏
101140201,日喀则,1011402,日喀则,10114,西藏
101140202,拉孜,1011402,日喀则,10114,西藏
101140203,南木林,1011402,日喀则,10114,西藏
101140204,聂拉木,1011402,日喀则,10114,西藏
101140205,定日,1011402,日喀则,10114,西藏
101140206,江孜,1011402,日喀则,10114,西藏
101140207,帕里,1011402,日喀则,10114,西藏
101140208,仲巴,1011402,日喀则,10114,西藏
101140209,萨嘎,1011402,日喀则,10114,西藏
101140210,吉隆,1011402,日喀则,10114,西藏
101140211,昂仁,1011402,日喀则,10114,西藏
101140212,定结,1011402,日喀则,10114,西藏
101140213,萨迦,1011402,日喀则,10114,西藏
101140214,谢通门,1011402,日喀则,10114,西藏
101140216,岗巴,1011402,日喀则,10114,西藏
101140217,白朗,1011402,日喀则,10114,西藏
101140218,亚东,1011402,日喀则,10114,西藏
101140219,康马,1011402,日喀则,10114,西藏
101140220,仁布,1011402,日喀则,10114,西藏
101140301,山南,1011403,山南,10114,西藏
101140302,贡嘎,1011403,山南,10114,西藏
101140303,札囊,1011403,山南,10114,西藏
101140304,加查,1011403,山南,10114,西藏
101140305,浪卡子,1011403,山南,10114,西藏
101140306,错那,1011403,山南,10114,西藏
101140307,隆子,1011403,山南,10114,西藏
101140308,泽当,1011403,山南,10114,西藏
101140309,乃东,1011403,山南,10114,西藏
101140310,桑日,1011403,山南,10114,西藏
101140311,洛扎,1011403,山南,10114,西藏
101140312,措美,1011403,山南,10114,西藏
101140313,琼结,1011403,山南,10114,西藏
101140314,曲松,1011403,山南,10114,西藏
101140401,林芝,1011404,林芝,10114,西藏
101140402,波密,1011404,林芝,10114,西藏
101140403,米林,1011404,林芝,10114,西藏
101140404,察隅,1011404,林芝,10114,西藏
101140405,工布江达,1011404,林芝,10114,西藏
101140406,朗县,1011404,林芝,10114,西藏
101140407,墨脱,1011404,林芝,10114,西藏
101140501,昌都,1011405,昌都,10114,西藏
101140502,丁青,1011405,昌都,10114,西藏
101140503,边坝,1011405,昌都,10114,西藏
101140504,洛隆,1011405,昌都,10114,西藏
101140505,左贡,1011405,昌都,10114,西藏
101140506,芒康,1011405,昌都,10114,西藏
101140507,类乌齐,1011405,昌都,10114,西藏
101140508,八宿,1011405,昌都,10114,西藏
101140509,江达,1011405,昌都,10114,西藏
101140510,察雅,1011405,昌都,10114,西藏
101140511,贡觉,1011405,昌都,10114,西藏
101140601,那曲,1011406,那曲,10114,西藏
101140602,尼玛,1011406,那曲,10114,西藏
101140603,嘉黎,1011406,那曲,10114,西藏
101140604,班戈,1011406,那曲,10114,西藏
101140605,安多,1011406,那曲,10114,西藏
101140606,索县,1011406,那曲,10114,西藏
101140607,聂荣,1011406,那曲,10114,西藏
101140608,巴青,1011406,那曲,10114,西藏
101140609,比如,1011406,那曲,10114,西藏
101140610,双湖,1011406,那曲,10114,西藏
101140701,阿里,1011407,阿里,10114,西藏
101140702,改则,1011407,阿里,10114,西藏
101140703,申扎,1011407,阿里,10114,西藏
101140704,狮泉河,1011407,阿里,10114,西藏
101140705,普兰,1011407,阿里,10114,西藏
101140706,札达,1011407,阿里,10114,西藏
101140707,噶尔,1011407,阿里,10114,西藏
101140708,日土,1011407,阿里,10114,西藏
101140709,革吉,1011407,阿里,10114,西藏
101140710,措勤,1011407,阿里,10114,西藏
101150101,西宁,1011501,西宁,10115,青海
101150102,大通,1011501,西宁,10115,青海
101150103,湟源,1011501,西宁,10115,青海
101150104,湟中,1011501,西宁,10115,青海
101150201,海东,1011502,海东,10115,青海
101150202,乐都,1011502,海东,10115,青海
101150203,民和,1011502,海东,10115,青海
101150204,互助,1011502,海东,10115,青海
101150205,化隆,1011502,海东,10115,青海
101150206,循化,1011502,海东,10115,青海
101150207,冷湖,1011502,海东,10115,青海
101150208,平安,1011502,海东,10115,青海
101150301,黄南,1011503,黄南,10115,青海
101150302,尖扎,1011503,黄南,10115,青海
101150303,泽库,1011503,黄南,10115,青海
101150304,河南,1011503,黄南,10115,青海
101150305,同仁,1011503,黄南,10115,青海
101150401,海南,1011504,海南,10115,青海
101150404,贵德,1011504,海南,10115,青海
101150406,兴海,1011504,海南,10115,青海
101150407,贵南,1011504,海南,10115,青海
101150408,同德,1011504,海南,10115,青海
101150409,共和,1011504,海南,10115,青海
101150501,果洛,1011505,果洛,10115,青海
101150502,班玛,1011505,果洛,10115,青海
101150503,甘德,1011505,果洛,10115,青海
101150504,达日,1011505,果洛,10115,青海
101150505,久治,1011505,果洛,10115,青海
101150506,玛多,1011505,果洛,10115,青海
101150508,玛沁,1011505,果洛,10115,青海
101150601,玉树,1011506,玉树,10115,青海
101150602,称多,1011506,玉树,10115,青海
101150603,治多,1011506,玉树,10115,青海
101150604,杂多,1011506,玉树,10115,青海
101150605,囊谦,1011506,玉树,10115,青海
101150606,曲麻莱,1011506,玉树,10115,青海
101150701,海西,1011507,海西,10115,青海
101150708,天峻,1011507,海西,10115,青海
101150709,乌兰,1011507,海西,10115,青海
101150712,茫崖,1011507,海西,10115,青海
101150713,大柴旦,1011507,海西,10115,青海
101150716,德令哈,1011507,海西,10115,青海
101150801,海北,1011508,海北,10115,青海
101150802,门源,1011508,海北,10115,青海
101150803,祁连,1011508,海北,10115,青海
101150804,海晏,1011508,海北,10115,青海
101150806,刚察,1011508,海北,10115,青海
101150901,格尔木,1011509,格尔木,10115,青海
101150902,都兰,1011509,格尔木,10115,青海
101160101,兰州,1011601,兰州,10116,甘肃
101160102,皋兰,1011601,兰州,10116,甘肃
101160103,永登,1011601,兰州,10116,甘肃
101160104,榆中,1011601,兰州,10116,甘肃
101160201,定西,1011602,定西,10116,甘肃
101160202,通渭,1011602,定西,10116,甘肃
101160203,陇西,1011602,定西,10116,甘肃
101160204,渭源,1011602,定西,10116,甘肃
101160205,临洮,1011602,定西,10116,甘肃
101160206,漳县,1011602,定西,10116,甘肃
101160207,岷县,1011602,定西,10116,甘肃
101160208,安定,1011602,定西,10116,甘肃
101160301,平凉,1011603,平凉,10116,甘肃
101160302,泾川,1011603,平凉,10116,甘肃
101160303,灵台,1011603,平凉,10116,甘肃
101160304,崇信,1011603,平凉,10116,甘肃
101160305,华亭,1011603,平凉,10116,甘肃
101160306,庄浪,1011603,平凉,10116,甘肃
101160307,静宁,1011603,平凉,10116,甘肃
101160308,崆峒,1011603,平凉,10116,甘肃
101160401,庆阳,1011604,庆阳,10116,甘肃
101160403,环县,1011604,庆阳,10116,甘肃
101160404,华池,1011604,庆阳,10116,甘肃
101160405,合水,1011604,庆阳,10116,甘肃
101160406,正宁,1011604,庆阳,10116,甘肃
101160407,宁县,1011604,庆阳,10116,甘肃
101160408,镇原,1011604,庆阳,10116,甘肃
101160409,庆城,1011604,庆阳,10116,甘肃
101160501,武威,1011605,武威,10116,甘肃
101160502,民勤,1011605,武威,10116,甘肃
101160503,古浪,1011605,武威,10116,甘肃
101160505,天祝,1011605,武威,10116,甘肃
101160601,金昌,1011606,金昌,10116,甘肃
101160602,永昌,1011606,金昌,10116,甘肃
101160701,张掖,1011607,张掖,10116,甘肃
101160702,肃南,1011607,张掖,10116,甘肃
101160703,民乐,1011607,张掖,10116,甘肃
101160704,临泽,1011607,张掖,10116,甘肃
101160705,高台,1011607,张掖,10116,甘肃
101160706,山丹,1011607,张掖,10116,甘肃
101160801,酒泉,1011608,酒泉,10116,甘肃
101160803,金塔,1011608,酒泉,10116,甘肃
101160804,阿克塞,1011608,酒泉,10116,甘肃
101160805,瓜州,1011608,酒泉,10116,甘肃
101160806,肃北,1011608,酒泉,10116,甘肃
101160807,玉门,1011608,酒泉,10116,甘肃
101160808,敦煌,1011608,酒泉,10116,甘肃
101160901,天水,1011609,天水,10116,甘肃
101160903,清水,1011609,天水,10116,甘肃
101160904,秦安,1011609,天水,10116,甘肃
101160905,甘谷,1011609,天水,10116,甘肃
101160906,武山,1011609,天水,10116,甘肃
101160907,张家川,1011609,天水,10116,甘肃
101160908,麦积,1011609,天水,10116,甘肃
101161001,武都,1011610,陇南,10116,甘肃
101161002,成县,1011610,陇南,10116,甘肃
101161003,文县,1011610,陇南,10116,甘肃
101161004,宕昌,1011610,陇南,10116,甘肃
101161005,康县,1011610,陇南,10116,甘肃
101161006,西和,1011610,陇南,10116,甘肃
101161007,礼县,1011610,陇南,10116,甘肃
101161008,徽县,1011610,陇南,10116,甘肃
101161009,两当,1011610,陇南,10116,甘肃
101161101,临夏,1011611,临夏,10116,甘肃
101161102,康乐,1011611,临夏,10116,甘肃
101161103,永靖,1011611,临夏,10116,甘肃
101161104,广河,1011611,临夏,10116,甘肃
101161105,和政,1011611,临夏,10116,甘肃
101161106,东乡,1011611,临夏,10116,甘肃
101161107,积石山,1011611,临夏,10116,甘肃
101161201,合作,1011612,甘南,10116,甘肃
101161202,临潭,1011612,甘南,10116,甘肃
101161203,卓尼,1011612,甘南,10116,甘肃
101161204,舟曲,1011612,甘南,10116,甘肃
101161205,迭部,1011612,甘南,10116,甘肃
101161206,玛曲,1011612,甘南,10116,甘肃
101161207,碌曲,1011612,甘南,10116,甘肃
101161208,夏河,1011612,甘南,10116,甘肃
101161301,白银,1011613,白银,10116,甘肃
101161302,靖远,1011613,白银,10116,甘肃
101161303,会宁,1011613,白银,10116,甘肃
101161304,平川,1011613,白银,10116,甘肃
101161305,景泰,1011613,白银,10116,甘肃
101161401,嘉峪关,1011614,嘉峪关,10116,甘肃
101170101,银川,1011701,银川,10117,宁夏
101170102,永宁,1011701,银川,10117,宁夏
101170103,灵武,1011701,银川,10117,宁夏
101170104,贺兰,1011701,银川,10117,宁夏
101170201,石嘴山,1011702,石嘴山,10117,宁夏
101170202,惠农,1011702,石嘴山,10117,宁夏
101170203,平罗,1011702,石嘴山,10117,宁夏
101170204,陶乐,1011702,石嘴山,10117,宁夏
101170301,吴忠,1011703,吴忠,10117,宁夏
101170302,同心,1011703,吴忠,10117,宁夏
101170303,盐池,1011703,吴忠,10117,宁夏
101170306,青铜峡,1011703,吴忠,10117,宁夏
101170401,固原,1011704,固原,10117,宁夏
101170402,西吉,1011704,固原,10117,宁夏
101170403,隆德,1011704,固原,10117,宁夏
101170404,泾源,1011704,固原,10117,宁夏
101170406,彭阳,1011704,固原,10117,宁夏
101170501,中卫,1011705,中卫,10117,宁夏
101170502,中宁,1011705,中卫,10117,宁夏
101170504,海原,1011705,中卫,10117,宁夏
101180101,郑州,1011801,郑州,10118,河南
101180102,巩义,1011801,郑州,10118,河南
101180103,荥阳,1011801,郑州,10118,河南
101180104,登封,1011801,郑州,10118,河南
101180105,新密,1011801,郑州,10118,河南
101180106,新郑,1011801,郑州,10118,河南
101180107,中牟,1011801,郑州,10118,河南
101180108,上街,1011801,郑州,10118,河南
101180201,安阳,1011802,安阳,10118,河南
101180202,汤阴,1011802,安阳,10118,河南
101180203,滑县,1011802,安阳,10118,河南
101180204,内黄,1011802,安阳,10118,河南
101180205,林州,1011802,安阳,10118,河南
101180301,新乡,1011803,新乡,10118,河南
101180302,获嘉,1011803,新乡,10118,河南
101180303,原阳,1011803,新乡,10118,河南
101180304,辉县,1011803,新乡,10118,河南
101180305,卫辉,1011803,新乡,10118,河南
101180306,延津,1011803,新乡,10118,河南
101180307,封丘,1011803,新乡,10118,河南
101180308,长垣,1011803,新乡,10118,河南
101180401,许昌,1011804,许昌,10118,河南
101180402,鄢陵,1011804,许昌,10118,河南
101180403,襄城,1011804,许昌,10118,河南
101180404,长葛,1011804,许昌,10118,河南
101180405,禹州,1011804,许昌,10118,河南
101180501,平顶山,1011805,平顶山,10118,河南
101180502,郏县,1011805,平顶山,10118,河南
101180503,宝丰,1011805,平顶山,10118,河南
101180504,汝州,1011805,平顶山,10118,河南
101180505,叶县,1011805,平顶山,10118,河南
101180506,舞钢,1011805,平顶山,10118,河南
101180507,鲁山,1011805,平顶山,10118,河南
101180508,石龙,1011805,平顶山,10118,河南
101180601,信阳,1011806,信阳,10118,河南
101180602,息县,1011806,信阳,10118,河南
101180603,罗山,1011806,信阳,10118,河南
101180604,光山,1011806,信阳,10118,河南
101180605,新县,1011806,信阳,10118,河南
101180606,淮滨,1011806,信阳,10118,河南
101180607,潢川,1011806,信阳,10118,河南
101180608,固始,1011806,信阳,10118,河南
101180609,商城,1011806,信阳,10118,河南
101180701,南阳,1011807,南阳,10118,河南
101180702,南召,1011807,南阳,10118,河南
101180703,方城,1011807,南阳,10118,河南
101180704,社旗,1011807,南阳,10118,河南
101180705,西峡,1011807,南阳,10118,河南
101180706,内乡,1011807,南阳,10118,河南
101180707,镇平,1011807,南阳,10118,河南
101180708,淅川,1011807,南阳,10118,河南
101180709,新野,1011807,南阳,10118,河南
101180710,唐河,1011807,南阳,10118,河南
101180711,邓州,1011807,南阳,10118,河南
101180712,桐柏,1011807,南阳,10118,河南
101180801,开封,1011808,开封,10118,河南
101180802,杞县,1011808,开封,10118,河南
101180803,尉氏,1011808,开封,10118,河南
101180804,通许,1011808,开封,10118,河南
101180805,兰考,1011808,开封,10118,河南
101180901,洛阳,1011809,洛阳,10118,河南
101180902,新安,1011809,洛阳,10118,河南
101180903,孟津,1011809,洛阳,10118,河南
101180904,宜阳,1011809,洛阳,10118,河南
101180905,洛宁,1011809,洛阳,10118,河南
101180906,伊川,1011809,洛阳,10118,河南
101180907,嵩县,1011809,洛阳,10118,河南
101180908,偃师,1011809,洛阳,10118,河南
101180909,栾川,1011809,洛阳,10118,河南
101180910,汝阳,1011809,洛阳,10118,河南
101180911,吉利,1011809,洛阳,10118,河南
101181001,商丘,1011810,商丘,10118,河南
101181003,睢县,1011810,商丘,10118,河南
101181004,民权,1011810,商丘,10118,河南
101181005,虞城,1011810,商丘,10118,河南
101181006,柘城,1011810,商丘,10118,河南
101181007,宁陵,1011810,商丘,10118,河南
101181008,夏邑,1011810,商丘,10118,河南
101181009,永城,1011810,商丘,10118,河南
101181101,焦作,1011811,焦作,10118,河南
101181102,修武,1011811,焦作,10118,河南
101181103,武陟,1011811,焦作,10118,河南
101181104,沁阳,1011811,焦作,10118,河南
101181106,博爱,1011811,焦作,10118,河南
101181107,温县,1011811,焦作,10118,河南
101181108,孟州,1011811,焦作,10118,河南
101181201,鹤壁,1011812,鹤壁,10118,河南
101181202,浚县,1011812,鹤壁,10118,河南
101181203,淇县,1011812,鹤壁,10118,河南
101181301,濮阳,1011813,濮阳,10118,河南
101181302,台前,1011813,濮阳,10118,河南
101181303,南乐,1011813,濮阳,10118,河南
101181304,清丰,1011813,濮阳,10118,河南
101181305,范县,1011813,濮阳,10118,河南
101181401,周口,1011814,周口,10118,河南
101181402,扶沟,1011814,周口,10118,河南
101181403,太康,1011814,周口,10118,河南
101181404,淮阳,1011814,周口,10118,河南
101181405,西华,1011814,周口,10118,河南
101181406,商水,1011814,周口,10118,河南
101181407,项城,1011814,周口,10118,河南
101181408,郸城,1011814,周口,10118,河南
101181409,鹿邑,1011814,周口,10118,河南
101181410,沈丘,1011814,周口,10118,河南
101181501,漯河,1011815,漯河,10118,河南
101181502,临颍,1011815,漯河,10118,河南
101181503,舞阳,1011815,漯河,10118,河南
101181601,驻马店,1011816,驻马店,10118,河南
101181602,西平,1011816,驻马店,10118,河南
101181603,遂平,1011816,驻马店,10118,河南
101181604,上蔡,1011816,驻马店,10118,河南
101181605,汝南,1011816,驻马店,10118,河南
101181606,泌阳,1011816,驻马店,10118,河南
101181607,平舆,1011816,驻马店,10118,河南
101181608,新蔡,1011816,驻马店,10118,河南
101181609,确山,1011816,驻马店,10118,河南
101181610,正阳,1011816,驻马店,10118,河南
101181701,三门峡,1011817,三门峡,10118,河南
101181702,灵宝,1011817,三门峡,10118,河南
101181703,渑池,1011817,三门峡,10118,河南
101181704,卢氏,1011817,三门峡,10118,河南
101181705,义马,1011817,三门峡,10118,河南
101181706,陕县,1011817,三门峡,10118,河南
101181801,济源,1011818,济源,10118,河南
101190101,南京,1011901,南京,10119,江苏
101190102,溧水,1011901,南京,10119,江苏
101190103,高淳,1011901,南京,10119,江苏
101190104,江宁,1011901,南京,10119,江苏
101190105,六合,1011901,南京,10119,江苏
101190106,江浦,1011901,南京,10119,江苏
101190107,浦口,1011901,南京,10119,江苏
101190201,无锡,1011902,无锡,10119,江苏
101190202,江阴,1011902,无锡,10119,江苏
101190203,宜兴,1011902,无锡,10119,江苏
101190204,锡山,1011902,无锡,10119,江苏
101190301,镇江,1011903,镇江,10119,江苏
101190302,丹阳,1011903,镇江,10119,江苏
101190303,扬中,1011903,镇江,10119,江苏
101190304,句容,1011903,镇江,10119,江苏
101190305,丹徒,1011903,镇江,10119,江苏
101190401,苏州,1011904,苏州,10119,江苏
101190402,常熟,1011904,苏州,10119,江苏
101190403,张家港,1011904,苏州,10119,江苏
101190404,昆山,1011904,苏州,10119,江苏
101190405,吴中,1011904,苏州,10119,江苏
101190407,吴江,1011904,苏州,10119,江苏
101190408,太仓,1011904,苏州,10119,江苏
101190501,南通,1011905,南通,10119,江苏
101190502,海安,1011905,南通,10119,江苏
101190503,如皋,1011905,南通,10119,江苏
101190504,如东,1011905,南通,10119,江苏
101190507,启东,1011905,南通,10119,江苏
101190508,海门,1011905,南通,10119,江苏
101190509,通州,1011905,南通,10119,江苏
101190601,扬州,1011906,扬州,10119,江苏
101190602,宝应,1011906,扬州,10119,江苏
101190603,仪征,1011906,扬州,10119,江苏
101190604,高邮,1011906,扬州,10119,江苏
101190605,江都,1011906,扬州,10119,江苏
101190606,邗江,1011906,扬州,10119,江苏
101190701,盐城,1011907,盐城,10119,江苏
101190702,响水,1011907,盐城,10119,江苏
101190703,滨海,1011907,盐城,10119,江苏
101190704,阜宁,1011907,盐城,10119,江苏
101190705,射阳,1011907,盐城,10119,江苏
101190706,建湖,1011907,盐城,10119,江苏
101190707,东台,1011907,盐城,10119,江苏
101190708,大丰,1011907,盐城,10119,江苏
101190709,盐都,1011907,盐城,10119,江苏
101190801,徐州,1011908,徐州,10119,江苏
101190802,铜山,1011908,徐州,10119,江苏
101190803,丰县,1011908,徐州,10119,江苏
101190804,沛县,1011908,徐州,10119,江苏
101190805,邳州,1011908,徐州,10119,江苏
101190806,睢宁,1011908,徐州,10119,江苏
101190807,新沂,1011908,徐州,10119,江苏
101190901,淮安,1011909,淮安,10119,江苏
101190902,金湖,1011909,淮安,10119,江苏
101190903,盱眙,1011909,淮安,10119,江苏
101190904,洪泽,1011909,淮安,10119,江苏
101190905,涟水,1011909,淮安,10119,江苏
101190906,淮阴区,1011909,淮安,10119,江苏
101190908,淮安区,1011909,淮安,10119,江苏
101191001,连云港,1011910,连云港,10119,江苏
101191002,东海,1011910,连云港,10119,江苏
101191003,赣榆,1011910,连云港,10119,江苏
101191004,灌云,1011910,连云港,10119,江苏
101191005,灌南,1011910,连云港,10119,江苏
101191101,常州,1011911,常州,10119,江苏
101191102,溧阳,1011911,常州,10119,江苏
101191103,金坛,1011911,常州,10119,江苏
101191104,武进,1011911,常州,10119,江苏
101191201,泰州,1011912,泰州,10119,江苏
101191202,兴化,1011912,泰州,10119,江苏
101191203,泰兴,1011912,泰州,10119,江苏
101191204,姜堰,1011912,泰州,10119,江苏
101191205,靖江,1011912,泰州,10119,江苏
101191301,宿迁,1011913,宿迁,10119,江苏
101191302,沭阳,1011913,宿迁,10119,江苏
101191303,泗阳,1011913,宿迁,10119,江苏
101191304,泗洪,1011913,宿迁,10119,江苏
101191305,宿豫,1011913,宿迁,10119,江苏
101200101,武汉,1012001,武汉,10120,湖北
101200102,蔡甸,1012001,武汉,10120,湖北
101200103,黄陂,1012001,武汉,10120,湖北
101200104,新洲,1012001,武汉,10120,湖北
101200105,江夏,1012001,武汉,10120,湖北
101200106,东西湖,1012001,武汉,10120,湖北
101200201,襄阳,1012002,襄阳,10120,湖北
101200202,襄州,1012002,襄阳,10120,湖北
101200203,保康,1012002,襄阳,10120,湖北
101200204,南漳,1012002,襄阳,10120,湖北
101200205,宜城,1012002,襄阳,10120,湖北
101200206,老河口,1012002,襄阳,10120,湖北
101200207,谷城,1012002,襄阳,10120,湖北
101200208,枣阳,1012002,襄阳,10120,湖北
101200301,鄂州,1012003,鄂州,10120,湖北
101200302,梁子湖,1012003,鄂州,10120,湖北
101200401,孝感,1012004,孝感,10120,湖北
101200402,安陆,1012004,孝感,10120,湖北
101200403,云梦,1012004,孝感,10120,湖北
101200404,大悟,1012004,孝感,10120,湖北
101200405,应城,1012004,孝感,10120,湖北
101200406,汉川,1012004,孝感,10120,湖北
101200407,孝昌,1012004,孝感,10120,湖北
101200501,黄冈,1012005,黄冈,10120,湖北
101200502,红安,1012005,黄冈,10120,湖北
101200503,麻城,1012005,黄冈,10120,湖北
101200504,罗田,1012005,黄冈,10120,湖北
101200505,英山,1012005,黄冈,10120,湖北
101200506,浠水,1012005,黄冈,10120,湖北
101200507,蕲春,1012005,黄冈,10120,湖北
101200508,黄梅,1012005,黄冈,10120,湖北
101200509,武穴,1012005,黄冈,10120,湖北
101200510,团风,1012005,黄冈,10120,湖北
101200601,黄石,1012006,黄石,10120,湖北
101200602,大冶,1012006,黄石,10120,湖北
101200603,阳新,1012006,黄石,10120,湖北
101200604,铁山,1012006,黄石,10120,湖北
101200605,下陆,1012006,黄石,10120,湖北
101200606,西塞山,1012006,黄石,10120,湖北
101200701,咸宁,1012007,咸宁,10120,湖北
101200702,赤壁,1012007,咸宁,10120,湖北
101200703,嘉鱼,1012007,咸宁,10120,湖北
101200704,崇阳,1012007,咸宁,10120,湖北
101200705,通城,1012007,咸宁,10120,湖北
101200706,通山,1012007,咸宁,10120,湖北
101200801,荆州,1012008,荆州,10120,湖北
101200802,江陵,1012008,荆州,10120,湖北
101200803,公安,1012008,荆州,10120,湖北
101200804,石首,1012008,荆州,10120,湖北
101200805,监利,1012008,荆州,10120,湖北
101200806,洪湖,1012008,荆州,10120,湖北
101200807,松滋,1012008,荆州,10120,湖北
101200901,宜昌,1012009,宜昌,10120,湖北
101200902,远安,1012009,宜昌,10120,湖北
101200903,秭归,1012009,宜昌,10120,湖北
101200904,兴山,1012009,宜昌,10120,湖北
101200906,五峰,1012009,宜昌,10120,湖北
101200907,当阳,1012009,宜昌,10120,湖北
101200908,长阳,1012009,宜昌,10120,湖北
101200909,宜都,1012009,宜昌,10120,湖北
101200910,枝江,1012009,宜昌,10120,湖北
101200911,三峡,1012009,宜昌,10120,湖北
101200912,夷陵,1012009,宜昌,10120,湖北
101201001,恩施,1012010,恩施,10120,湖北
101201002,利川,1012010,恩施,10120,湖北
101201003,建始,1012010,恩施,10120,湖北
101201004,咸丰,1012010,恩施,10120,湖北
101201005,宣恩,1012010,恩施,10120,湖北
101201006,鹤峰,1012010,恩施,10120,湖北
101201007,来凤,1012010,恩施,10120,湖北
101201008,巴东,1012010,恩施,10120,湖北
101201101,十堰,1012011,十堰,10120,湖北
101201102,竹溪,1012011,十堰,10120,湖北
101201103,郧西,1012011,十堰,10120,湖北
101201104,郧县,1012011,十堰,10120,湖北
101201105,竹山,1012011,十堰,10120,湖北
101201106,房县,1012011,十堰,10120,湖北
101201107,丹江口,1012011,十堰,10120,湖北
101201108,茅箭,1012011,十堰,10120,湖北
101201109,张湾,1012011,十堰,10120,湖北
101201201,神农架,1012012,神农架,10120,湖北
101201301,随州,1012013,随州,10120,湖北
101201302,广水,1012013,随州,10120,湖北
101201401,荆门,1012014,荆门,10120,湖北
101201402,钟祥,1012014,荆门,10120,湖北
101201403,京山,1012014,荆门,10120,湖北
101201404,掇刀,1012014,荆门,10120,湖北
101201405,沙洋,1012014,荆门,10120,湖北
101201406,沙市,1012014,荆州,10120,湖北
101201501,天门,1012015,天门,10120,湖北
101201601,仙桃,1012016,仙桃,10120,湖北
101201701,潜江,1012017,潜江,10120,湖北
101210101,杭州,1012101,杭州,10121,浙江
101210102,萧山,1012101,杭州,10121,浙江
101210103,桐庐,1012101,杭州,10121,浙江
101210104,淳安,1012101,杭州,10121,浙江
101210105,建德,1012101,杭州,10121,浙江
101210106,余杭,1012101,杭州,10121,浙江
101210107,临安,1012101,杭州,10121,浙江
101210108,富阳,1012101,杭州,10121,浙江
101210201,湖州,1012102,湖州,10121,浙江
101210202,长兴,1012102,湖州,10121,浙江
101210203,安吉,1012102,湖州,10121,浙江
101210204,德清,1012102,湖州,10121,浙江
101210301,嘉兴,1012103,嘉兴,10121,浙江
101210302,嘉善,1012103,嘉兴,10121,浙江
101210303,海宁,1012103,嘉兴,10121,浙江
101210304,桐乡,1012103,嘉兴,10121,浙江
101210305,平湖,1012103,嘉兴,10121,浙江
101210306,海盐,1012103,嘉兴,10121,浙江
101210401,宁波,1012104,宁波,10121,浙江
101210403,慈溪,1012104,宁波,10121,浙江
101210404,余姚,1012104,宁波,10121,浙江
101210405,奉化,1012104,宁波,10121,浙江
101210406,象山,1012104,宁波,10121,浙江
101210408,宁海,1012104,宁波,10121,浙江
101210410,北仑,1012104,宁波,10121,浙江
101210411,鄞州,1012104,宁波,10121,浙江
101210412,镇海,1012104,宁波,10121,浙江
101210501,越城,1012105,绍兴,10121,浙江
101210502,诸暨,1012105,绍兴,10121,浙江
101210503,上虞,1012105,绍兴,10121,浙江
101210504,新昌,1012105,绍兴,10121,浙江
101210505,嵊州,1012105,绍兴,10121,浙江
101210506,柯桥,1012105,绍兴,10121,浙江
101210601,台州,1012106,台州,10121,浙江
101210603,玉环,1012106,台州,10121,浙江
101210604,三门,1012106,台州,10121,浙江
101210605,天台,1012106,台州,10121,浙江
101210606,仙居,1012106,台州,10121,浙江
101210607,温岭,1012106,台州,10121,浙江
101210609,洪家,1012106,台州,10121,浙江
101210610,临海,1012106,台州,10121,浙江
101210611,椒江,1012106,台州,10121,浙江
101210612,黄岩,1012106,台州,10121,浙江
101210613,路桥,1012106,台州,10121,浙江
101210701,温州,1012107,温州,10121,浙江
101210702,泰顺,1012107,温州,10121,浙江
101210703,文成,1012107,温州,10121,浙江
101210704,平阳,1012107,温州,10121,浙江
101210705,瑞安,1012107,温州,10121,浙江
101210706,洞头,1012107,温州,10121,浙江
101210707,乐清,1012107,温州,10121,浙江
101210708,永嘉,1012107,温州,10121,浙江
101210709,苍南,1012107,温州,10121,浙江
101210801,丽水,1012108,丽水,10121,浙江
101210802,遂昌,1012108,丽水,10121,浙江
101210803,龙泉,1012108,丽水,10121,浙江
101210804,缙云,1012108,丽水,10121,浙江
101210805,青田,1012108,丽水,10121,浙江
101210806,云和,1012108,丽水,10121,浙江
101210807,庆元,1012108,丽水,10121,浙江
101210808,松阳,1012108,丽水,10121,浙江
101210809,景宁,1012108,丽水,10121,浙江
101210901,金华,1012109,金华,10121,浙江
101210902,浦江,1012109,金华,10121,浙江
101210903,兰溪,1012109,金华,10121,浙江
101210904,义乌,1012109,金华,10121,浙江
101210905,东阳,1012109,金华,10121,浙江
101210906,武义,1012109,金华,10121,浙江
101210907,永康,1012109,金华,10121,浙江
101210908,磐安,1012109,金华,10121,浙江
101211001,衢州,1012110,衢州,10121,浙江
101211002,常山,1012110,衢州,10121,浙江
101211003,开化,1012110,衢州,10121,浙江
101211004,龙游,1012110,衢州,10121,浙江
101211005,江山,1012110,衢州,10121,浙江
101211006,衢江,1012110,衢州,10121,浙江
101211101,舟山,1012111,舟山,10121,浙江
101211102,嵊泗,1012111,舟山,10121,浙江
101211104,岱山,1012111,舟山,10121,浙江
101211105,普陀,1012111,舟山,10121,浙江
101211106,定海,1012111,舟山,10121,浙江
101220101,合肥,1012201,合肥,10122,安徽
101220102,长丰,1012201,合肥,10122,安徽
101220103,肥东,1012201,合肥,10122,安徽
101220104,肥西,1012201,合肥,10122,安徽
101220105,巢湖,1012201,合肥,10122,安徽
101220106,庐江,1012201,合肥,10122,安徽
101220201,蚌埠,1012202,蚌埠,10122,安徽
101220202,怀远,1012202,蚌埠,10122,安徽
101220203,固镇,1012202,蚌埠,10122,安徽
101220204,五河,1012202,蚌埠,10122,安徽
101220301,芜湖,1012203,芜湖,10122,安徽
101220302,繁昌,1012203,芜湖,10122,安徽
101220303,芜湖县,1012203,芜湖,10122,安徽
101220304,南陵,1012203,芜湖,10122,安徽
101220305,无为,1012203,芜湖,10122,安徽
101220401,淮南,1012204,淮南,10122,安徽
101220402,凤台,1012204,淮南,10122,安徽
101220403,潘集,1012204,淮南,10122,安徽
101220501,马鞍山,1012205,马鞍山,10122,安徽
101220502,当涂,1012205,马鞍山,10122,安徽
101220503,含山,1012205,马鞍山,10122,安徽
101220504,和县,1012205,马鞍山,10122,安徽
101220601,安庆,1012206,安庆,10122,安徽
101220602,枞阳,1012206,安庆,10122,安徽
101220603,太湖,1012206,安庆,10122,安徽
101220604,潜山,1012206,安庆,10122,安徽
101220605,怀宁,1012206,安庆,10122,安徽
101220606,宿松,1012206,安庆,10122,安徽
101220607,望江,1012206,安庆,10122,安徽
101220608,岳西,1012206,安庆,10122,安徽
101220609,桐城,1012206,安庆,10122,安徽
101220701,宿州,1012207,宿州,10122,安徽
101220702,砀山,1012207,宿州,10122,安徽
101220703,灵璧,1012207,宿州,10122,安徽
101220704,泗县,1012207,宿州,10122,安徽
101220705,萧县,1012207,宿州,10122,安徽
101220801,阜阳,1012208,阜阳,10122,安徽
101220802,阜南,1012208,阜阳,10122,安徽
101220803,颍上,1012208,阜阳,10122,安徽
101220804,临泉,1012208,阜阳,10122,安徽
101220805,界首,1012208,阜阳,10122,安徽
101220806,太和,1012208,阜阳,10122,安徽
101220901,亳州,1012209,亳州,10122,安徽
101220902,涡阳,1012209,亳州,10122,安徽
101220903,利辛,1012209,亳州,10122,安徽
101220904,蒙城,1012209,亳州,10122,安徽
101221001,黄山,1012210,黄山,10122,安徽
101221002,黄山区,1012210,黄山,10122,安徽
101221003,屯溪,1012210,黄山,10122,安徽
101221004,祁门,1012210,黄山,10122,安徽
101221005,黟县,1012210,黄山,10122,安徽
101221006,歙县,1012210,黄山,10122,安徽
101221007,休宁,1012210,黄山,10122,安徽
101221008,黄山风景区,1012210,黄山,10122,安徽
101221101,滁州,1012211,滁州,10122,安徽
101221102,凤阳,1012211,滁州,10122,安徽
101221103,明光,1012211,滁州,10122,安徽
101221104,定远,1012211,滁州,10122,安徽
101221105,全椒,1012211,滁州,10122,安徽
101221106,来安,1012211,滁州,10122,安徽
101221107,天长,1012211,滁州,10122,安徽
101221201,淮北,1012212,淮北,10122,安徽
101221202,濉溪,1012212,淮北,10122,安徽
101221301,铜陵,1012213,铜陵,10122,安徽
101221401,宣城,1012214,宣城,10122,安徽
101221402,泾县,1012214,宣城,10122,安徽
101221403,旌德,1012214,宣城,10122,安徽
101221404,宁国,1012214,宣城,10122,安徽
101221405,绩溪,1012214,宣城,10122,安徽
101221406,广德,1012214,宣城,10122,安徽
101221407,郎溪,1012214,宣城,10122,安徽
101221501,六安,1012215,六安,10122,安徽
101221502,霍邱,1012215,六安,10122,安徽
101221503,寿县,1012215,六安,10122,安徽
101221505,金寨,1012215,六安,10122,安徽
101221506,霍山,1012215,六安,10122,安徽
101221507,舒城,1012215,六安,10122,安徽
101221701,池州,1012217,池州,10122,安徽
101221702,东至,1012217,池州,10122,安徽
101221703,青阳,1012217,池州,10122,安徽
101221704,九华山,1012217,池州,10122,安徽
101221705,石台,1012217,池州,10122,安徽
101230101,福州,1012301,福州,10123,福建
101230102,闽清,1012301,福州,10123,福建
101230103,闽侯,1012301,福州,10123,福建
101230104,罗源,1012301,福州,10123,福建
101230105,连江,1012301,福州,10123,福建
101230107,永泰,1012301,福州,10123,福建
101230108,平潭,1012301,福州,10123,福建
101230110,长乐,1012301,福州,10123,福建
101230111,福清,1012301,福州,10123,福建
101230201,厦门,1012302,厦门,10123,福建
101230202,同安,1012302,厦门,10123,福建
101230301,宁德,1012303,宁德,10123,福建
101230302,古田,1012303,宁德,10123,福建
101230303,霞浦,1012303,宁德,10123,福建
101230304,寿宁,1012303,宁德,10123,福建
101230305,周宁,1012303,宁德,10123,福建
101230306,福安,1012303,宁德,10123,福建
101230307,柘荣,1012303,宁德,10123,福建
101230308,福鼎,1012303,宁德,10123,福建
101230309,屏南,1012303,宁德,10123,福建
101230401,莆田,1012304,莆田,10123,福建
101230402,仙游,1012304,莆田,10123,福建
101230403,秀屿港,1012304,莆田,10123,福建
101230404,涵江,1012304,莆田,10123,福建
101230405,秀屿,1012304,莆田,10123,福建
101230406,荔城,1012304,莆田,10123,福建
101230407,城厢,1012304,莆田,10123,福建
101230501,泉州,1012305,泉州,10123,福建
101230502,安溪,1012305,泉州,10123,福建
101230504,永春,1012305,泉州,10123,福建
101230505,德化,1012305,泉州,10123,福建
101230506,南安,1012305,泉州,10123,福建
101230507,崇武,1012305,泉州,10123,福建
101230508,惠安,1012305,泉州,10123,福建
101230509,晋江,1012305,泉州,10123,福建
101230510,石狮,1012305,泉州,10123,福建
101230601,漳州,1012306,漳州,10123,福建
101230602,长泰,1012306,漳州,10123,福建
101230603,南靖,1012306,漳州,10123,福建
101230604,平和,1012306,漳州,10123,福建
101230605,龙海,1012306,漳州,10123,福建
101230606,漳浦,1012306,漳州,10123,福建
101230607,诏安,1012306,漳州,10123,福建
101230608,东山,1012306,漳州,10123,福建
101230609,云霄,1012306,漳州,10123,福建
101230610,华安,1012306,漳州,10123,福建
101230701,龙岩,1012307,龙岩,10123,福建
101230702,长汀,1012307,龙岩,10123,福建
101230703,连城,1012307,龙岩,10123,福建
101230704,武平,1012307,龙岩,10123,福建
101230705,上杭,1012307,龙岩,10123,福建
101230706,永定,1012307,龙岩,10123,福建
101230707,漳平,1012307,龙岩,10123,福建
101230801,三明,1012308,三明,10123,福建
101230802,宁化,1012308,三明,10123,福建
101230803,清流,1012308,三明,10123,福建
101230804,泰宁,1012308,三明,10123,福建
101230805,将乐,1012308,三明,10123,福建
101230806,建宁,1012308,三明,10123,福建
101230807,明溪,1012308,三明,10123,福建
101230808,沙县,1012308,三明,10123,福建
101230809,尤溪,1012308,三明,10123,福建
101230810,永安,1012308,三明,10123,福建
101230811,大田,1012308,三明,10123,福建
101230901,南平,1012309,南平,10123,福建
101230902,顺昌,1012309,南平,10123,福建
101230903,光泽,1012309,南平,10123,福建
101230904,邵武,1012309,南平,10123,福建
101230905,武夷山,1012309,南平,10123,福建
101230906,浦城,1012309,南平,10123,福建
101230907,建阳,1012309,南平,10123,福建
101230908,松溪,1012309,南平,10123,福建
101230909,政和,1012309,南平,10123,福建
101230910,建瓯,1012309,南平,10123,福建
101231001,钓鱼岛,1012310,钓鱼岛,10123,福建
101240101,南昌,1012401,南昌,10124,江西
101240102,新建,1012401,南昌,10124,江西
101240103,南昌县,1012401,南昌,10124,江西
101240104,安义,1012401,南昌,10124,江西
101240105,进贤,1012401,南昌,10124,江西
101240201,九江,1012402,九江,10124,江西
101240202,瑞昌,1012402,九江,10124,江西
101240203,庐山,1012402,九江,10124,江西
101240204,武宁,1012402,九江,10124,江西
101240205,德安,1012402,九江,10124,江西
101240206,永修,1012402,九江,10124,江西
101240207,湖口,1012402,九江,10124,江西
101240208,彭泽,1012402,九江,10124,江西
101240209,星子,1012402,九江,10124,江西
101240210,都昌,1012402,九江,10124,江西
101240212,修水,1012402,九江,10124,江西
101240301,上饶,1012403,上饶,10124,江西
101240302,鄱阳,1012403,上饶,10124,江西
101240303,婺源,1012403,上饶,10124,江西
101240305,余干,1012403,上饶,10124,江西
101240306,万年,1012403,上饶,10124,江西
101240307,德兴,1012403,上饶,10124,江西
101240308,上饶县,1012403,上饶,10124,江西
101240309,弋阳,1012403,上饶,10124,江西
101240310,横峰,1012403,上饶,10124,江西
101240311,铅山,1012403,上饶,10124,江西
101240312,玉山,1012403,上饶,10124,江西
101240313,广丰,1012403,上饶,10124,江西
101240401,抚州,1012404,抚州,10124,江西
101240402,广昌,1012404,抚州,10124,江西
101240403,乐安,1012404,抚州,10124,江西
101240404,崇仁,1012404,抚州,10124,江西
101240405,金溪,1012404,抚州,10124,江西
101240406,资溪,1012404,抚州,10124,江西
101240407,宜黄,1012404,抚州,10124,江西
101240408,南城,1012404,抚州,10124,江西
101240409,南丰,1012404,抚州,10124,江西
101240410,黎川,1012404,抚州,10124,江西
101240411,东乡,1012404,抚州,10124,江西
101240501,宜春,1012405,宜春,10124,江西
101240502,铜鼓,1012405,宜春,10124,江西
101240503,宜丰,1012405,宜春,10124,江西
101240504,万载,1012405,宜春,10124,江西
101240505,上高,1012405,宜春,10124,江西
101240506,靖安,1012405,宜春,10124,江西
101240507,奉新,1012405,宜春,10124,江西
101240508,高安,1012405,宜春,10124,江西
101240509,樟树,1012405,宜春,10124,江西
101240510,丰城,1012405,宜春,10124,江西
101240601,吉安,1012406,吉安,10124,江西
101240602,吉安县,1012406,吉安,10124,江西
101240603,吉水,1012406,吉安,10124,江西
101240604,新干,1012406,吉安,10124,江西
101240605,峡江,1012406,吉安,10124,江西
101240606,永丰,1012406,吉安,10124,江西
101240607,永新,1012406,吉安,10124,江西
101240608,井冈山,1012406,吉安,10124,江西
101240609,万安,1012406,吉安,10124,江西
101240610,遂川,1012406,吉安,10124,江西
101240611,泰和,1012406,吉安,10124,江西
101240612,安福,1012406,吉安,10124,江西
101240613,宁冈,1012406,吉安,10124,江西
101240701,赣州,1012407,赣州,10124,江西
101240702,崇义,1012407,赣州,10124,江西
101240703,上犹,1012407,赣州,10124,江西
101240704,南康,1012407,赣州,10124,江西
101240705,大余,1012407,赣州,10124,江西
101240706,信丰,1012407,赣州,10124,江西
101240707,宁都,1012407,赣州,10124,江西
101240708,石城,1012407,赣州,10124,江西
101240709,瑞金,1012407,赣州,10124,江西
101240710,于都,1012407,赣州,10124,江西
101240711,会昌,1012407,赣州,10124,江西
101240712,安远,1012407,赣州,10124,江西
101240713,全南,1012407,赣州,10124,江西
101240714,龙南,1012407,赣州,10124,江西
101240715,定南,1012407,赣州,10124,江西
101240716,寻乌,1012407,赣州,10124,江西
101240717,兴国,1012407,赣州,10124,江西
101240718,赣县,1012407,赣州,10124,江西
101240801,景德镇,1012408,景德镇,10124,江西
101240802,乐平,1012408,景德镇,10124,江西
101240803,浮梁,1012408,景德镇,10124,江西
101240901,萍乡,1012409,萍乡,10124,江西
101240902,莲花,1012409,萍乡,10124,江西
101240903,上栗,1012409,萍乡,10124,江西
101240904,安源,1012409,萍乡,10124,江西
101240905,芦溪,1012409,萍乡,10124,江西
101240906,湘东,1012409,萍乡,10124,江西
101241001,新余,1012410,新余,10124,江西
101241002,分宜,1012410,新余,10124,江西
101241101,鹰潭,1012411,鹰潭,10124,江西
101241102,余江,1012411,鹰潭,10124,江西
101241103,贵溪,1012411,鹰潭,10124,江西
101250101,长沙,1012501,长沙,10125,湖南
101250102,宁乡,1012501,长沙,10125,湖南
101250103,浏阳,1012501,长沙,10125,湖南
101250104,马坡岭,1012501,长沙,10125,湖南
101250105,望城,1012501,长沙,10125,湖南
101250201,湘潭,1012502,湘潭,10125,湖南
101250202,韶山,1012502,湘潭,10125,湖南
101250203,湘乡,1012502,湘潭,10125,湖南
101250301,株洲,1012503,株洲,10125,湖南
101250302,攸县,1012503,株洲,10125,湖南
101250303,醴陵,1012503,株洲,10125,湖南
101250305,茶陵,1012503,株洲,10125,湖南
101250306,炎陵,1012503,株洲,10125,湖南
101250401,衡阳,1012504,衡阳,10125,湖南
101250402,衡山,1012504,衡阳,10125,湖南
101250403,衡东,1012504,衡阳,10125,湖南
101250404,祁东,1012504,衡阳,10125,湖南
101250405,衡阳县,1012504,衡阳,10125,湖南
101250406,常宁,1012504,衡阳,10125,湖南
101250407,衡南,1012504,衡阳,10125,湖南
101250408,耒阳,1012504,衡阳,10125,湖南
101250409,南岳,1012504,衡阳,10125,湖南
101250501,郴州,1012505,郴州,10125,湖南
101250502,桂阳,1012505,郴州,10125,湖南
101250503,嘉禾,1012505,郴州,10125,湖南
101250504,宜章,1012505,郴州,10125,湖南
101250505,临武,1012505,郴州,10125,湖南
101250507,资兴,1012505,郴州,10125,湖南
101250508,汝城,1012505,郴州,10125,湖南
101250509,安仁,1012505,郴州,10125,湖南
101250510,永兴,1012505,郴州,10125,湖南
101250511,桂东,1012505,郴州,10125,湖南
101250512,苏仙,1012505,郴州,10125,湖南
101250601,常德,1012506,常德,10125,湖南
101250602,安乡,1012506,常德,10125,湖南
101250603,桃源,1012506,常德,10125,湖南
101250604,汉寿,1012506,常德,10125,湖南
101250605,澧县,1012506,常德,10125,湖南
101250606,临澧,1012506,常德,10125,湖南
101250607,石门,1012506,常德,10125,湖南
101250608,津市,1012506,常德,10125,湖南
101250700,益阳,1012507,益阳,10125,湖南
101250701,赫山区,1012507,益阳,10125,湖南
101250702,南县,1012507,益阳,10125,湖南
101250703,桃江,1012507,益阳,10125,湖南
101250704,安化,1012507,益阳,10125,湖南
101250705,沅江,1012507,益阳,10125,湖南
101250801,娄底,1012508,娄底,10125,湖南
101250802,双峰,1012508,娄底,10125,湖南
101250803,冷水江,1012508,娄底,10125,湖南
101250805,新化,1012508,娄底,10125,湖南
101250806,涟源,1012508,娄底,10125,湖南
101250901,邵阳,1012509,邵阳,10125,湖南
101250902,隆回,1012509,邵阳,10125,湖南
101250903,洞口,1012509,邵阳,10125,湖南
101250904,新邵,1012509,邵阳,10125,湖南
101250905,邵东,1012509,邵阳,10125,湖南
101250906,绥宁,1012509,邵阳,10125,湖南
101250907,新宁,1012509,邵阳,10125,湖南
101250908,武冈,1012509,邵阳,10125,湖南
101250909,城步,1012509,邵阳,10125,湖南
101250910,邵阳县,1012509,邵阳,10125,湖南
101251001,岳阳,1012510,岳阳,10125,湖南
101251002,华容,1012510,岳阳,10125,湖南
101251003,湘阴,1012510,岳阳,10125,湖南
101251004,汨罗,1012510,岳阳,10125,湖南
101251005,平江,1012510,岳阳,10125,湖南
101251006,临湘,1012510,岳阳,10125,湖南
101251101,张家界,1012511,张家界,10125,湖南
101251102,桑植,1012511,张家界,10125,湖南
101251103,慈利,1012511,张家界,10125,湖南
101251104,武陵源,1012511,张家界,10125,湖南
101251201,怀化,1012512,怀化,10125,湖南
101251203,沅陵,1012512,怀化,10125,湖南
101251204,辰溪,1012512,怀化,10125,湖南
101251205,靖州,1012512,怀化,10125,湖南
101251206,会同,1012512,怀化,10125,湖南
101251207,通道,1012512,怀化,10125,湖南
101251208,麻阳,1012512,怀化,10125,湖南
101251209,新晃,1012512,怀化,10125,湖南
101251210,芷江,1012512,怀化,10125,湖南
101251211,溆浦,1012512,怀化,10125,湖南
101251212,中方,1012512,怀化,10125,湖南
101251213,洪江,1012512,怀化,10125,湖南
101251401,永州,1012514,永州,10125,湖南
101251402,祁阳,1012514,永州,10125,湖南
101251403,东安,1012514,永州,10125,湖南
101251404,双牌,1012514,永州,10125,湖南
101251405,道县,1012514,永州,10125,湖南
101251406,宁远,1012514,永州,10125,湖南
101251407,江永,1012514,永州,10125,湖南
101251408,蓝山,1012514,永州,10125,湖南
101251409,新田,1012514,永州,10125,湖南
101251410,江华,1012514,永州,10125,湖南
101251411,冷水滩,1012514,永州,10125,湖南
101251501,吉首,1012515,湘西,10125,湖南
101251502,保靖,1012515,湘西,10125,湖南
101251503,永顺,1012515,湘西,10125,湖南
101251504,古丈,1012515,湘西,10125,湖南
101251505,凤凰,1012515,湘西,10125,湖南
101251506,泸溪,1012515,湘西,10125,湖南
101251507,龙山,1012515,湘西,10125,湖南
101251508,花垣,1012515,湘西,10125,湖南
101260101,贵阳,1012601,贵阳,10126,贵州
101260102,白云,1012601,贵阳,10126,贵州
101260103,花溪,1012601,贵阳,10126,贵州
101260104,乌当,1012601,贵阳,10126,贵州
101260105,息烽,1012601,贵阳,10126,贵州
101260106,开阳,1012601,贵阳,10126,贵州
101260107,修文,1012601,贵阳,10126,贵州
101260108,清镇,1012601,贵阳,10126,贵州
101260109,小河,1012601,贵阳,10126,贵州
101260110,云岩,1012601,贵阳,10126,贵州
101260111,南明,1012601,贵阳,10126,贵州
101260201,遵义,1012602,遵义,10126,贵州
101260202,遵义县,1012602,遵义,10126,贵州
101260203,仁怀,1012602,遵义,10126,贵州
101260204,绥阳,1012602,遵义,10126,贵州
101260205,湄潭,1012602,遵义,10126,贵州
101260206,凤冈,1012602,遵义,10126,贵州
101260207,桐梓,1012602,遵义,10126,贵州
101260208,赤水,1012602,遵义,10126,贵州
101260209,习水,1012602,遵义,10126,贵州
101260210,道真,1012602,遵义,10126,贵州
101260211,正安,1012602,遵义,10126,贵州
101260212,务川,1012602,遵义,10126,贵州
101260213,余庆,1012602,遵义,10126,贵州
101260214,汇川,1012602,遵义,10126,贵州
101260215,红花岗,1012602,遵义,10126,贵州
101260301,安顺,1012603,安顺,10126,贵州
101260302,普定,1012603,安顺,10126,贵州
101260303,镇宁,1012603,安顺,10126,贵州
101260304,平坝,1012603,安顺,10126,贵州
101260305,紫云,1012603,安顺,10126,贵州
101260306,关岭,1012603,安顺,10126,贵州
101260401,都匀,1012604,黔南,10126,贵州
101260402,贵定,1012604,黔南,10126,贵州
101260403,瓮安,1012604,黔南,10126,贵州
101260404,长顺,1012604,黔南,10126,贵州
101260405,福泉,1012604,黔南,10126,贵州
101260406,惠水,1012604,黔南,10126,贵州
101260407,龙里,1012604,黔南,10126,贵州
101260408,罗甸,1012604,黔南,10126,贵州
101260409,平塘,1012604,黔南,10126,贵州
101260410,独山,1012604,黔南,10126,贵州
101260411,三都,1012604,黔南,10126,贵州
101260412,荔波,1012604,黔南,10126,贵州
101260501,凯里,1012605,黔东南,10126,贵州
101260502,岑巩,1012605,黔东南,10126,贵州
101260503,施秉,1012605,黔东南,10126,贵州
101260504,镇远,1012605,黔东南,10126,贵州
101260505,黄平,1012605,黔东南,10126,贵州
101260507,麻江,1012605,黔东南,10126,贵州
101260508,丹寨,1012605,黔东南,10126,贵州
101260509,三穗,1012605,黔东南,10126,贵州
101260510,台江,1012605,黔东南,10126,贵州
101260511,剑河,1012605,黔东南,10126,贵州
101260512,雷山,1012605,黔东南,10126,贵州
101260513,黎平,1012605,黔东南,10126,贵州
101260514,天柱,1012605,黔东南,10126,贵州
101260515,锦屏,1012605,黔东南,10126,贵州
101260516,榕江,1012605,黔东南,10126,贵州
101260517,从江,1012605,黔东南,10126,贵州
101260601,铜仁,1012606,铜仁,10126,贵州
101260602,江口,1012606,铜仁,10126,贵州
101260603,玉屏,1012606,铜仁,10126,贵州
101260604,万山,1012606,铜仁,10126,贵州
101260605,思南,1012606,铜仁,10126,贵州
101260607,印江,1012606,铜仁,10126,贵州
101260608,石阡,1012606,铜仁,10126,贵州
101260609,沿河,1012606,铜仁,10126,贵州
101260610,德江,1012606,铜仁,10126,贵州
101260611,松桃,1012606,铜仁,10126,贵州
101260701,毕节,1012607,毕节,10126,贵州
101260702,赫章,1012607,毕节,10126,贵州
101260703,金沙,1012607,毕节,10126,贵州
101260704,威宁,1012607,毕节,10126,贵州
101260705,大方,1012607,毕节,10126,贵州
101260706,纳雍,1012607,毕节,10126,贵州
101260707,织金,1012607,毕节,10126,贵州
101260708,黔西,1012607,毕节,10126,贵州
101260801,水城,1012608,六盘水,10126,贵州
101260802,六枝,1012608,六盘水,10126,贵州
101260804,盘县,1012608,六盘水,10126,贵州
101260901,兴义,1012609,黔西南,10126,贵州
101260902,晴隆,1012609,黔西南,10126,贵州
101260903,兴仁,1012609,黔西南,10126,贵州
101260904,贞丰,1012609,黔西南,10126,贵州
101260905,望谟,1012609,黔西南,10126,贵州
101260907,安龙,1012609,黔西南,10126,贵州
101260908,册亨,1012609,黔西南,10126,贵州
101260909,普安,1012609,黔西南,10126,贵州
101270101,成都,1012701,成都,10127,四川
101270102,龙泉驿,1012701,成都,10127,四川
101270103,新都,1012701,成都,10127,四川
101270104,温江,1012701,成都,10127,四川
101270105,金堂,1012701,成都,10127,四川
101270106,双流,1012701,成都,10127,四川
101270107,郫县,1012701,成都,10127,四川
101270108,大邑,1012701,成都,10127,四川
101270109,蒲江,1012701,成都,10127,四川
101270110,新津,1012701,成都,10127,四川
101270111,都江堰,1012701,成都,10127,四川
101270112,彭州,1012701,成都,10127,四川
101270113,邛崃,1012701,成都,10127,四川
101270114,崇州,1012701,成都,10127,四川
101270115,青白江,1012701,成都,10127,四川
101270201,攀枝花,1012702,攀枝花,10127,四川
101270202,仁和,1012702,攀枝花,10127,四川
101270203,米易,1012702,攀枝花,10127,四川
101270204,盐边,1012702,攀枝花,10127,四川
101270301,自贡,1012703,自贡,10127,四川
101270302,富顺,1012703,自贡,10127,四川
101270303,荣县,1012703,自贡,10127,四川
101270401,绵阳,1012704,绵阳,10127,四川
101270402,三台,1012704,绵阳,10127,四川
101270403,盐亭,1012704,绵阳,10127,四川
101270404,安县,1012704,绵阳,10127,四川
101270405,梓潼,1012704,绵阳,10127,四川
101270406,北川,1012704,绵阳,10127,四川
101270407,平武,1012704,绵阳,10127,四川
101270408,江油,1012704,绵阳,10127,四川
101270501,南充,1012705,南充,10127,四川
101270502,南部,1012705,南充,10127,四川
101270503,营山,1012705,南充,10127,四川
101270504,蓬安,1012705,南充,10127,四川
101270505,仪陇,1012705,南充,10127,四川
101270506,西充,1012705,南充,10127,四川
101270507,阆中,1012705,南充,10127,四川
101270601,达州,1012706,达州,10127,四川
101270602,宣汉,1012706,达州,10127,四川
101270603,开江,1012706,达州,10127,四川
101270604,大竹,1012706,达州,10127,四川
101270605,渠县,1012706,达州,10127,四川
101270606,万源,1012706,达州,10127,四川
101270607,通川,1012706,达州,10127,四川
101270608,达川,1012706,达州,10127,四川
101270701,遂宁,1012707,遂宁,10127,四川
101270702,蓬溪,1012707,遂宁,10127,四川
101270703,射洪,1012707,遂宁,10127,四川
101270801,广安,1012708,广安,10127,四川
101270802,岳池,1012708,广安,10127,四川
101270803,武胜,1012708,广安,10127,四川
101270804,邻水,1012708,广安,10127,四川
101270805,华蓥,1012708,广安,10127,四川
101270901,巴中,1012709,巴中,10127,四川
101270902,通江,1012709,巴中,10127,四川
101270903,南江,1012709,巴中,10127,四川
101270904,平昌,1012709,巴中,10127,四川
101271001,泸州,1012710,泸州,10127,四川
101271003,泸县,1012710,泸州,10127,四川
101271004,合江,1012710,泸州,10127,四川
101271005,叙永,1012710,泸州,10127,四川
101271006,古蔺,1012710,泸州,10127,四川
101271007,纳溪,1012710,泸州,10127,四川
101271101,宜宾,1012711,宜宾,10127,四川
101271103,宜宾县,1012711,宜宾,10127,四川
101271104,南溪,1012711,宜宾,10127,四川
101271105,江安,1012711,宜宾,10127,四川
101271106,长宁,1012711,宜宾,10127,四川
101271107,高县,1012711,宜宾,10127,四川
101271108,珙县,1012711,宜宾,10127,四川
101271109,筠连,1012711,宜宾,10127,四川
101271110,兴文,1012711,宜宾,10127,四川
101271111,屏山,1012711,宜宾,10127,四川
101271201,内江,1012712,内江,10127,四川
101271202,东兴,1012712,内江,10127,四川
101271203,威远,1012712,内江,10127,四川
101271204,资中,1012712,内江,10127,四川
101271205,隆昌,1012712,内江,10127,四川
101271301,资阳,1012713,资阳,10127,四川
101271302,安岳,1012713,资阳,10127,四川
101271303,乐至,1012713,资阳,10127,四川
101271304,简阳,1012713,资阳,10127,四川
101271401,乐山,1012714,乐山,10127,四川
101271402,犍为,1012714,乐山,10127,四川
101271403,井研,1012714,乐山,10127,四川
101271404,夹江,1012714,乐山,10127,四川
101271405,沐川,1012714,乐山,10127,四川
101271406,峨边,1012714,乐山,10127,四川
101271407,马边,1012714,乐山,10127,四川
101271408,峨眉,1012714,乐山,10127,四川
101271409,峨眉山,1012714,乐山,10127,四川
101271501,眉山,1012715,眉山,10127,四川
101271502,仁寿,1012715,眉山,10127,四川
101271503,彭山,1012715,眉山,10127,四川
101271504,洪雅,1012715,眉山,10127,四川
101271505,丹棱,1012715,眉山,10127,四川
101271506,青神,1012715,眉山,10127,四川
101271601,凉山,1012716,凉山,10127,四川
101271603,木里,1012716,凉山,10127,四川
101271604,盐源,1012716,凉山,10127,四川
101271605,德昌,1012716,凉山,10127,四川
101271606,会理,1012716,凉山,10127,四川
101271607,会东,1012716,凉山,10127,四川
101271608,宁南,1012716,凉山,10127,四川
101271609,普格,1012716,凉山,10127,四川
101271610,西昌,1012716,凉山,10127,四川
101271611,金阳,1012716,凉山,10127,四川
101271612,昭觉,1012716,凉山,10127,四川
101271613,喜德,1012716,凉山,10127,四川
101271614,冕宁,1012716,凉山,10127,四川
101271615,越西,1012716,凉山,10127,四川
101271616,甘洛,1012716,凉山,10127,四川
101271617,雷波,1012716,凉山,10127,四川
101271618,美姑,1012716,凉山,10127,四川
101271619,布拖,1012716,凉山,10127,四川
101271701,雅安,1012717,雅安,10127,四川
101271702,名山,1012717,雅安,10127,四川
101271703,荥经,1012717,雅安,10127,四川
101271704,汉源,1012717,雅安,10127,四川
101271705,石棉,1012717,雅安,10127,四川
101271706,天全,1012717,雅安,10127,四川
101271707,芦山,1012717,雅安,10127,四川
101271708,宝兴,1012717,雅安,10127,四川
101271801,甘孜,1012718,甘孜,10127,四川
101271802,康定,1012718,甘孜,10127,四川
101271803,泸定,1012718,甘孜,10127,四川
101271804,丹巴,1012718,甘孜,10127,四川
101271805,九龙,1012718,甘孜,10127,四川
101271806,雅江,1012718,甘孜,10127,四川
101271807,道孚,1012718,甘孜,10127,四川
101271808,炉霍,1012718,甘孜,10127,四川
101271809,新龙,1012718,甘孜,10127,四川
101271810,德格,1012718,甘孜,10127,四川
101271811,白玉,1012718,甘孜,10127,四川
101271812,石渠,1012718,甘孜,10127,四川
101271813,色达,1012718,甘孜,10127,四川
101271814,理塘,1012718,甘孜,10127,四川
101271815,巴塘,1012718,甘孜,10127,四川
101271816,乡城,1012718,甘孜,10127,四川
101271817,稻城,1012718,甘孜,10127,四川
101271818,得荣,1012718,甘孜,10127,四川
101271901,阿坝,1012719,阿坝,10127,四川
101271902,汶川,1012719,阿坝,10127,四川
101271903,理县,1012719,阿坝,10127,四川
101271904,茂县,1012719,阿坝,10127,四川
101271905,松潘,1012719,阿坝,10127,四川
101271906,九寨沟,1012719,阿坝,10127,四川
101271907,金川,1012719,阿坝,10127,四川
101271908,小金,1012719,阿坝,10127,四川
101271909,黑水,1012719,阿坝,10127,四川
101271910,马尔康,1012719,阿坝,10127,四川
101271911,壤塘,1012719,阿坝,10127,四川
101271912,若尔盖,1012719,阿坝,10127,四川
101271913,红原,1012719,阿坝,10127,四川
101272001,德阳,1012720,德阳,10127,四川
101272002,中江,1012720,德阳,10127,四川
101272003,广汉,1012720,德阳,10127,四川
101272004,什邡,1012720,德阳,10127,四川
101272005,绵竹,1012720,德阳,10127,四川
101272006,罗江,1012720,德阳,10127,四川
101272101,广元,1012721,广元,10127,四川
101272102,旺苍,1012721,广元,10127,四川
101272103,青川,1012721,广元,10127,四川
101272104,剑阁,1012721,广元,10127,四川
101272105,苍溪,1012721,广元,10127,四川
101280101,广州,1012801,广州,10128,广东
101280102,番禺,1012801,广州,10128,广东
101280103,从化,1012801,广州,10128,广东
101280104,增城,1012801,广州,10128,广东
101280105,花都,1012801,广州,10128,广东
101280201,韶关,1012802,韶关,10128,广东
101280202,乳源,1012802,韶关,10128,广东
101280203,始兴,1012802,韶关,10128,广东
101280204,翁源,1012802,韶关,10128,广东
101280205,乐昌,1012802,韶关,10128,广东
101280206,仁化,1012802,韶关,10128,广东
101280207,南雄,1012802,韶关,10128,广东
101280208,新丰,1012802,韶关,10128,广东
101280209,曲江,1012802,韶关,10128,广东
101280210,浈江,1012802,韶关,10128,广东
101280211,武江,1012802,韶关,10128,广东
101280301,惠州,1012803,惠州,10128,广东
101280302,博罗,1012803,惠州,10128,广东
101280303,惠阳,1012803,惠州,10128,广东
101280304,惠东,1012803,惠州,10128,广东
101280305,龙门,1012803,惠州,10128,广东
101280401,梅州,1012804,梅州,10128,广东
101280402,兴宁,1012804,梅州,10128,广东
101280403,蕉岭,1012804,梅州,10128,广东
101280404,大埔,1012804,梅州,10128,广东
101280406,丰顺,1012804,梅州,10128,广东
101280407,平远,1012804,梅州,10128,广东
101280408,五华,1012804,梅州,10128,广东
101280409,梅县,1012804,梅州,10128,广东
101280501,汕头,1012805,汕头,10128,广东
101280502,潮阳,1012805,汕头,10128,广东
101280503,澄海,1012805,汕头,10128,广东
101280504,南澳,1012805,汕头,10128,广东
101280601,深圳,1012806,深圳,10128,广东
101280701,珠海,1012807,珠海,10128,广东
101280702,斗门,1012807,珠海,10128,广东
101280703,金湾,1012807,珠海,10128,广东
101280800,佛山,1012808,佛山,10128,广东
101280801,顺德,1012808,佛山,10128,广东
101280802,三水,1012808,佛山,10128,广东
101280803,南海,1012808,佛山,10128,广东
101280804,高明,1012808,佛山,10128,广东
101280901,肇庆,1012809,肇庆,10128,广东
101280902,广宁,1012809,肇庆,10128,广东
101280903,四会,1012809,肇庆,10128,广东
101280905,德庆,1012809,肇庆,10128,广东
101280906,怀集,1012809,肇庆,10128,广东
101280907,封开,1012809,肇庆,10128,广东
101280908,高要,1012809,肇庆,10128,广东
101281001,湛江,1012810,湛江,10128,广东
101281002,吴川,1012810,湛江,10128,广东
101281003,雷州,1012810,湛江,10128,广东
101281004,徐闻,1012810,湛江,10128,广东
101281005,廉江,1012810,湛江,10128,广东
101281006,赤坎,1012810,湛江,10128,广东
101281007,遂溪,1012810,湛江,10128,广东
101281008,坡头,1012810,湛江,10128,广东
101281009,霞山,1012810,湛江,10128,广东
101281010,麻章,1012810,湛江,10128,广东
101281101,江门,1012811,江门,10128,广东
101281103,开平,1012811,江门,10128,广东
101281104,新会,1012811,江门,10128,广东
101281105,恩平,1012811,江门,10128,广东
101281106,台山,1012811,江门,10128,广东
101281107,蓬江,1012811,江门,10128,广东
101281108,鹤山,1012811,江门,10128,广东
101281109,江海,1012811,江门,10128,广东
101281201,河源,1012812,河源,10128,广东
101281202,紫金,1012812,河源,10128,广东
101281203,连平,1012812,河源,10128,广东
101281204,和平,1012812,河源,10128,广东
101281205,龙川,1012812,河源,10128,广东
101281206,东源,1012812,河源,10128,广东
101281301,清远,1012813,清远,10128,广东
101281302,连南,1012813,清远,10128,广东
101281303,连州,1012813,清远,10128,广东
101281304,连山,1012813,清远,10128,广东
101281305,阳山,1012813,清远,10128,广东
101281306,佛冈,1012813,清远,10128,广东
101281307,英德,1012813,清远,10128,广东
101281308,清新,1012813,清远,10128,广东
101281401,云浮,1012814,云浮,10128,广东
101281402,罗定,1012814,云浮,10128,广东
101281403,新兴,1012814,云浮,10128,广东
101281404,郁南,1012814,云浮,10128,广东
101281406,云安,1012814,云浮,10128,广东
101281501,潮州,1012815,潮州,10128,广东
101281502,饶平,1012815,潮州,10128,广东
101281503,潮安,1012815,潮州,10128,广东
101281601,东莞,1012816,东莞,10128,广东
101281701,中山,1012817,中山,10128,广东
101281801,阳江,1012818,阳江,10128,广东
101281802,阳春,1012818,阳江,10128,广东
101281803,阳东,1012818,阳江,10128,广东
101281804,阳西,1012818,阳江,10128,广东
101281901,揭阳,1012819,揭阳,10128,广东
101281902,揭西,1012819,揭阳,10128,广东
101281903,普宁,1012819,揭阳,10128,广东
101281904,惠来,1012819,揭阳,10128,广东
101281905,揭东,1012819,揭阳,10128,广东
101282001,茂名,1012820,茂名,10128,广东
101282002,高州,1012820,茂名,10128,广东
101282003,化州,1012820,茂名,10128,广东
101282004,电白,1012820,茂名,10128,广东
101282005,信宜,1012820,茂名,10128,广东
101282006,茂港,1012820,茂名,10128,广东
101282101,汕尾,1012821,汕尾,10128,广东
101282102,海丰,1012821,汕尾,10128,广东
101282103,陆丰,1012821,汕尾,10128,广东
101282104,陆河,1012821,汕尾,10128,广东
101290101,昆明,1012901,昆明,10129,云南
101290103,东川,1012901,昆明,10129,云南
101290104,寻甸,1012901,昆明,10129,云南
101290105,晋宁,1012901,昆明,10129,云南
101290106,宜良,1012901,昆明,10129,云南
101290107,石林,1012901,昆明,10129,云南
101290108,呈贡,1012901,昆明,10129,云南
101290109,富民,1012901,昆明,10129,云南
101290110,嵩明,1012901,昆明,10129,云南
101290111,禄劝,1012901,昆明,10129,云南
101290112,安宁,1012901,昆明,10129,云南
101290113,太华山,1012901,昆明,10129,云南
101290201,大理,1012902,大理,10129,云南
101290202,云龙,1012902,大理,10129,云南
101290203,漾濞,1012902,大理,10129,云南
101290204,永平,1012902,大理,10129,云南
101290205,宾川,1012902,大理,10129,云南
101290206,弥渡,1012902,大理,10129,云南
101290207,祥云,1012902,大理,10129,云南
101290208,巍山,1012902,大理,10129,云南
101290209,剑川,1012902,大理,10129,云南
101290210,洱源,1012902,大理,10129,云南
101290211,鹤庆,1012902,大理,10129,云南
101290212,南涧,1012902,大理,10129,云南
101290301,红河,1012903,红河,10129,云南
101290302,石屏,1012903,红河,10129,云南
101290303,建水,1012903,红河,10129,云南
101290304,弥勒,1012903,红河,10129,云南
101290305,元阳,1012903,红河,10129,云南
101290306,绿春,1012903,红河,10129,云南
101290307,开远,1012903,红河,10129,云南
101290308,个旧,1012903,红河,10129,云南
101290309,蒙自,1012903,红河,10129,云南
101290310,屏边,1012903,红河,10129,云南
101290311,泸西,1012903,红河,10129,云南
101290312,金平,1012903,红河,10129,云南
101290313,河口,1012903,红河,10129,云南
101290401,曲靖,1012904,曲靖,10129,云南
101290402,沾益,1012904,曲靖,10129,云南
101290403,陆良,1012904,曲靖,10129,云南
101290404,富源,1012904,曲靖,10129,云南
101290405,马龙,1012904,曲靖,10129,云南
101290406,师宗,1012904,曲靖,10129,云南
101290407,罗平,1012904,曲靖,10129,云南
101290408,会泽,1012904,曲靖,10129,云南
101290409,宣威,1012904,曲靖,10129,云南
101290501,保山,1012905,保山,10129,云南
101290503,龙陵,1012905,保山,10129,云南
101290504,施甸,1012905,保山,10129,云南
101290505,昌宁,1012905,保山,10129,云南
101290506,腾冲,1012905,保山,10129,云南
101290601,文山,1012906,文山,10129,云南
101290602,西畴,1012906,文山,10129,云南
101290603,马关,1012906,文山,10129,云南
101290604,麻栗坡,1012906,文山,10129,云南
101290605,砚山,1012906,文山,10129,云南
101290606,丘北,1012906,文山,10129,云南
101290607,广南,1012906,文山,10129,云南
101290608,富宁,1012906,文山,10129,云南
101290701,玉溪,1012907,玉溪,10129,云南
101290702,澄江,1012907,玉溪,10129,云南
101290703,江川,1012907,玉溪,10129,云南
101290704,通海,1012907,玉溪,10129,云南
101290705,华宁,1012907,玉溪,10129,云南
101290706,新平,1012907,玉溪,10129,云南
101290707,易门,1012907,玉溪,10129,云南
101290708,峨山,1012907,玉溪,10129,云南
101290709,元江,1012907,玉溪,10129,云南
101290801,楚雄,1012908,楚雄,10129,云南
101290802,大姚,1012908,楚雄,10129,云南
101290803,元谋,1012908,楚雄,10129,云南
101290804,姚安,1012908,楚雄,10129,云南
101290805,牟定,1012908,楚雄,10129,云南
101290806,南华,1012908,楚雄,10129,云南
101290807,武定,1012908,楚雄,10129,云南
101290808,禄丰,1012908,楚雄,10129,云南
101290809,双柏,1012908,楚雄,10129,云南
101290810,永仁,1012908,楚雄,10129,云南
101290901,普洱,1012909,普洱,10129,云南
101290902,景谷,1012909,普洱,10129,云南
101290903,景东,1012909,普洱,10129,云南
101290904,澜沧,1012909,普洱,10129,云南
101290906,墨江,1012909,普洱,10129,云南
101290907,江城,1012909,普洱,10129,云南
101290908,孟连,1012909,普洱,10129,云南
101290909,西盟,1012909,普洱,10129,云南
101290911,镇沅,1012909,普洱,10129,云南
101290912,宁洱,1012909,普洱,10129,云南
101291001,昭通,1012910,昭通,10129,云南
101291002,鲁甸,1012910,昭通,10129,云南
101291003,彝良,1012910,昭通,10129,云南
101291004,镇雄,1012910,昭通,10129,云南
101291005,威信,1012910,昭通,10129,云南
101291006,巧家,1012910,昭通,10129,云南
101291007,绥江,1012910,昭通,10129,云南
101291008,永善,1012910,昭通,10129,云南
101291009,盐津,1012910,昭通,10129,云南
101291010,大关,1012910,昭通,10129,云南
101291011,水富,1012910,昭通,10129,云南
101291101,临沧,1012911,临沧,10129,云南
101291102,沧源,1012911,临沧,10129,云南
101291103,耿马,1012911,临沧,10129,云南
101291104,双江,1012911,临沧,10129,云南
101291105,凤庆,1012911,临沧,10129,云南
101291106,永德,1012911,临沧,10129,云南
101291107,云县,1012911,临沧,10129,云南
101291108,镇康,1012911,临沧,10129,云南
101291201,怒江,1012912,怒江,10129,云南
101291203,福贡,1012912,怒江,10129,云南
101291204,兰坪,1012912,怒江,10129,云南
101291205,泸水,1012912,怒江,10129,云南
101291206,六库,1012912,怒江,10129,云南
101291207,贡山,1012912,怒江,10129,云南
101291301,香格里拉,1012913,迪庆,10129,云南
101291302,德钦,1012913,迪庆,10129,云南
101291303,维西,1012913,迪庆,10129,云南
101291304,中甸,1012913,迪庆,10129,云南
101291401,丽江,1012914,丽江,10129,云南
101291402,永胜,1012914,丽江,10129,云南
101291403,华坪,1012914,丽江,10129,云南
101291404,宁蒗,1012914,丽江,10129,云南
101291501,德宏,1012915,德宏,10129,云南
101291503,陇川,1012915,德宏,10129,云南
101291504,盈江,1012915,德宏,10129,云南
101291506,瑞丽,1012915,德宏,10129,云南
101291507,梁河,1012915,德宏,10129,云南
101291508,芒市,1012915,德宏,10129,云南
101291601,景洪,1012916,西双版纳,10129,云南
101291603,勐海,1012916,西双版纳,10129,云南
101291605,勐腊,1012916,西双版纳,10129,云南
101300101,南宁,1013001,南宁,10130,广西
101300103,邕宁,1013001,南宁,10130,广西
101300104,横县,1013001,南宁,10130,广西
101300105,隆安,1013001,南宁,10130,广西
101300106,马山,1013001,南宁,10130,广西
101300107,上林,1013001,南宁,10130,广西
101300108,武鸣,1013001,南宁,10130,广西
101300109,宾阳,1013001,南宁,10130,广西
101300201,崇左,1013002,崇左,10130,广西
101300202,天等,1013002,崇左,10130,广西
101300203,龙州,1013002,崇左,10130,广西
101300204,凭祥,1013002,崇左,10130,广西
101300205,大新,1013002,崇左,10130,广西
101300206,扶绥,1013002,崇左,10130,广西
101300207,宁明,1013002,崇左,10130,广西
101300301,柳州,1013003,柳州,10130,广西
101300302,柳城,1013003,柳州,10130,广西
101300304,鹿寨,1013003,柳州,10130,广西
101300305,柳江,1013003,柳州,10130,广西
101300306,融安,1013003,柳州,10130,广西
101300307,融水,1013003,柳州,10130,广西
101300308,三江,1013003,柳州,10130,广西
101300401,来宾,1013004,来宾,10130,广西
101300402,忻城,1013004,来宾,10130,广西
101300403,金秀,1013004,来宾,10130,广西
101300404,象州,1013004,来宾,10130,广西
101300405,武宣,1013004,来宾,10130,广西
101300406,合山,1013004,来宾,10130,广西
101300501,桂林,1013005,桂林,10130,广西
101300503,龙胜,1013005,桂林,10130,广西
101300504,永福,1013005,桂林,10130,广西
101300505,临桂,1013005,桂林,10130,广西
101300506,兴安,1013005,桂林,10130,广西
101300507,灵川,1013005,桂林,10130,广西
101300508,全州,1013005,桂林,10130,广西
101300509,灌阳,1013005,桂林,10130,广西
101300510,阳朔,1013005,桂林,10130,广西
101300511,恭城,1013005,桂林,10130,广西
101300512,平乐,1013005,桂林,10130,广西
101300513,荔浦,1013005,桂林,10130,广西
101300514,资源,1013005,桂林,10130,广西
101300601,梧州,1013006,梧州,10130,广西
101300602,藤县,1013006,梧州,10130,广西
101300604,苍梧,1013006,梧州,10130,广西
101300605,蒙山,1013006,梧州,10130,广西
101300606,岑溪,1013006,梧州,10130,广西
101300701,贺州,1013007,贺州,10130,广西
101300702,昭平,1013007,贺州,10130,广西
101300703,富川,1013007,贺州,10130,广西
101300704,钟山,1013007,贺州,10130,广西
101300801,贵港,1013008,贵港,10130,广西
101300802,桂平,1013008,贵港,10130,广西
101300803,平南,1013008,贵港,10130,广西
101300901,玉林,1013009,玉林,10130,广西
101300902,博白,1013009,玉林,10130,广西
101300903,北流,1013009,玉林,10130,广西
101300904,容县,1013009,玉林,10130,广西
101300905,陆川,1013009,玉林,10130,广西
101300906,兴业,1013009,玉林,10130,广西
101301001,百色,1013010,百色,10130,广西
101301002,那坡,1013010,百色,10130,广西
101301003,田阳,1013010,百色,10130,广西
101301004,德保,1013010,百色,10130,广西
101301005,靖西,1013010,百色,10130,广西
101301006,田东,1013010,百色,10130,广西
101301007,平果,1013010,百色,10130,广西
101301008,隆林,1013010,百色,10130,广西
101301009,西林,1013010,百色,10130,广西
101301010,乐业,1013010,百色,10130,广西
101301011,凌云,1013010,百色,10130,广西
101301012,田林,1013010,百色,10130,广西
101301101,钦州,1013011,钦州,10130,广西
101301102,浦北,1013011,钦州,10130,广西
101301103,灵山,1013011,钦州,10130,广西
101301201,河池,1013012,河池,10130,广西
101301202,天峨,1013012,河池,10130,广西
101301203,东兰,1013012,河池,10130,广西
101301204,巴马,1013012,河池,10130,广西
101301205,环江,1013012,河池,10130,广西
101301206,罗城,1013012,河池,10130,广西
101301207,宜州,1013012,河池,10130,广西
101301208,凤山,1013012,河池,10130,广西
101301209,南丹,1013012,河池,10130,广西
101301210,都安,1013012,河池,10130,广西
101301211,大化,1013012,河池,10130,广西
101301301,北海,1013013,北海,10130,广西
101301302,合浦,1013013,北海,10130,广西
101301303,涠洲岛,1013013,北海,10130,广西
101301401,防城港,1013014,防城港,10130,广西
101301402,上思,1013014,防城港,10130,广西
101301403,东兴,1013014,防城港,10130,广西
101301405,防城,1013014,防城港,10130,广西
101310101,海口,1013101,海口,10131,海南
101310201,三亚,1013102,三亚,10131,海南
101310202,东方,1013102,东方,10131,海南
101310203,临高,1013102,临高,10131,海南
101310204,澄迈,1013102,澄迈,10131,海南
101310205,儋州,1013102,儋州,10131,海南
101310206,昌江,1013102,昌江,10131,海南
101310207,白沙,1013102,白沙,10131,海南
101310208,琼中,1013102,琼中,10131,海南
101310209,定安,1013102,定安,10131,海南
101310210,屯昌,1013102,屯昌,10131,海南
101310211,琼海,1013102,琼海,10131,海南
101310212,文昌,1013102,文昌,10131,海南
101310214,保亭,1013102,保亭,10131,海南
101310215,万宁,1013102,万宁,10131,海南
101310216,陵水,1013102,陵水,10131,海南
101310217,西沙,1013102,西沙,10131,海南
101310220,南沙,1013102,南沙,10131,海南
101310221,乐东,1013102,乐东,10131,海南
101310222,五指山,1013102,五指山,10131,海南
101310224,中沙,1013102,中沙,10131,海南
101320101,香港,1013201,香港,10132,香港
101320102,九龙,1013201,香港,10132,香港
101320103,新界,1013201,香港,10132,香港
101330101,澳门,1013301,澳门,10133,澳门
101330102,胱械,1013301,澳门,10133,澳门
101330103,路环岛,1013301,澳门,10133,澳门
101340101,台北,1013401,台北,10134,台湾
101340102,桃园,1013401,台北,10134,台湾
101340103,新竹,1013401,台北,10134,台湾
101340104,宜兰,1013401,台北,10134,台湾
101340201,高雄,1013402,高雄,10134,台湾
101340202,嘉义,1013402,高雄,10134,台湾
101340203,台南,1013402,高雄,10134,台湾
101340204,台东,1013402,高雄,10134,台湾
101340205,屏东,1013402,高雄,10134,台湾
101340401,台中,1013404,台中,10134,台湾
101340402,苗栗,1013404,台中,10134,台湾
101340403,彰化,1013404,台中,10134,台湾
101340404,南投,1013404,台中,10134,台湾
101340405,花莲,1013404,台中,10134,台湾
101340406,云林,1013404,台中,10134,台湾
101310230,南子岛,1013102,南子岛,10131,海南
